Timestamp,Direction,Status,CRC,Source,Destination,Command,Data
2022-02-28T13:07:31.168,RX,Valid,0x15c3,0xc0,0xe4,0xa1,0x00,0x00,0xff,0x3c,0x02,0x00,0x00,
2022-02-28T13:07:32.157,TX,Valid,0x8d5c,0xe4,0xff,0xa0,0x00,0xff,0x3c,
2022-02-28T13:07:32.160,RX,Valid,0x15c3,0xc0,0xe4,0xa1,0x00,0x00,0xff,0x3c,0x02,0x00,0x00,
2022-02-28T13:07:33.158,TX,Valid,0x8d5c,0xe4,0xff,0xa0,0x00,0xff,0x3c,
2022-02-28T13:07:33.168,RX,Valid,0x15c3,0xc0,0xe4,0xa1,0x00,0x00,0xff,0x3c,0x02,0x00,0x00,
2022-02-28T13:07:34.152,TX,Valid,0x8d5c,0xe4,0xff,0xa0,0x00,0xff,0x3c,
2022-02-28T13:07:34.160,RX,Valid,0x15c3,0xc0,0xe4,0xa1,0x00,0x00,0xff,0x3c,0x02,0x00,0x00,
2022-02-28T13:07:35.159,TX,Valid,0x8d5c,0xe4,0xff,0xa0,0x00,0xff,0x3c,
2022-02-28T13:07:35.168,RX,Valid,0x15c3,0xc0,0xe4,0xa1,0x00,0x00,0xff,0x3c,0x02,0x00,0x00,
2022-02-28T13:07:36.151,TX,Valid,0x8d5c,0xe4,0xff,0xa0,0x00,0xff,0x3c,
2022-02-28T13:07:36.160,RX,Valid,0x15c3,0xc0,0xe4,0xa1,0x00,0x00,0xff,0x3c,0x02,0x00,0x00,
2022-02-28T13:07:37.165,TX,Valid,0x8d5c,0xe4,0xff,0xa0,0x00,0xff,0x3c,
2022-02-28T13:07:37.184,RX,Valid,0x15c3,0xc0,0xe4,0xa1,0x00,0x00,0xff,0x3c,0x02,0x00,0x00,
2022-02-28T13:07:38.151,TX,Valid,0x8d5c,0xe4,0xff,0xa0,0x00,0xff,0x3c,
2022-02-28T13:07:38.159,RX,Valid,0x15c3,0xc0,0xe4,0xa1,0x00,0x00,0xff,0x3c,0x02,0x00,0x00,
2022-02-28T13:07:39.160,TX,Valid,0x8d5c,0xe4,0xff,0xa0,0x00,0xff,0x3c,
2022-02-28T13:07:39.167,RX,Valid,0x15c3,0xc0,0xe4,0xa1,0x00,0x00,0xff,0x3c,0x02,0x00,0x00,
2022-02-28T13:07:40.159,TX,Valid,0x8d5c,0xe4,0xff,0xa0,0x00,0xff,0x3c,
2022-02-28T13:07:40.175,RX,Valid,0x15c3,0xc0,0xe4,0xa1,0x00,0x00,0xff,0x3c,0x02,0x00,0x00,
2022-02-28T13:07:41.158,TX,Valid,0x8d5c,0xe4,0xff,0xa0,0x00,0xff,0x3c,
2022-02-28T13:07:41.166,RX,Valid,0x15c3,0xc0,0xe4,0xa1,0x00,0x00,0xff,0x3c,0x02,0x00,0x00,
2022-02-28T13:07:42.151,TX,Valid,0x8d5c,0xe4,0xff,0xa0,0x00,0xff,0x3c,
2022-02-28T13:07:42.158,RX,Valid,0x15c3,0xc0,0xe4,0xa1,0x00,0x00,0xff,0x3c,0x02,0x00,0x00,
2022-02-28T13:07:43.156,TX,Valid,0x8d5c,0xe4,0xff,0xa0,0x00,0xff,0x3c,
2022-02-28T13:07:43.167,RX,Valid,0x15c3,0xc0,0xe4,0xa1,0x00,0x00,0xff,0x3c,0x02,0x00,0x00,
2022-02-28T13:07:44.165,TX,Valid,0x8d5c,0xe4,0xff,0xa0,0x00,0xff,0x3c,
2022-02-28T13:07:45.162,TX,Valid,0x8d5c,0xe4,0xff,0xa0,0x00,0xff,0x3c,
2022-02-28T13:07:45.167,RX,Valid,0x15c3,0xc0,0xe4,0xa1,0x00,0x00,0xff,0x3c,0x02,0x00,0x00,
2022-02-28T13:07:46.164,TX,Valid,0x8d5c,0xe4,0xff,0xa0,0x00,0xff,0x3c,
2022-02-28T13:07:46.174,RX,Valid,0x15c3,0xc0,0xe4,0xa1,0x00,0x00,0xff,0x3c,0x02,0x00,0x00,
2022-02-28T13:07:47.154,TX,Valid,0x8d5c,0xe4,0xff,0xa0,0x00,0xff,0x3c,
2022-02-28T13:07:47.166,RX,Valid,0x15c3,0xc0,0xe4,0xa1,0x00,0x00,0xff,0x3c,0x02,0x00,0x00,
2022-02-28T13:07:48.153,TX,Valid,0x8d5c,0xe4,0xff,0xa0,0x00,0xff,0x3c,
2022-02-28T13:07:48.158,RX,Valid,0x15c3,0xc0,0xe4,0xa1,0x00,0x00,0xff,0x3c,0x02,0x00,0x00,
2022-02-28T13:07:49.152,TX,Valid,0x8d5c,0xe4,0xff,0xa0,0x00,0xff,0x3c,
2022-02-28T13:07:49.166,RX,Valid,0x15c3,0xc0,0xe4,0xa1,0x00,0x00,0xff,0x3c,0x02,0x00,0x00,
2022-02-28T13:07:50.163,TX,Valid,0x8d5c,0xe4,0xff,0xa0,0x00,0xff,0x3c,
2022-02-28T13:07:50.174,RX,Valid,0x15c3,0xc0,0xe4,0xa1,0x00,0x00,0xff,0x3c,0x02,0x00,0x00,
2022-02-28T13:07:51.159,TX,Valid,0x8d5c,0xe4,0xff,0xa0,0x00,0xff,0x3c,
2022-02-28T13:07:52.162,TX,Valid,0x8d5c,0xe4,0xff,0xa0,0x00,0xff,0x3c,
2022-02-28T13:07:52.174,RX,Valid,0x15c3,0xc0,0xe4,0xa1,0x00,0x00,0xff,0x3c,0x02,0x00,0x00,
2022-02-28T13:07:53.197,TX,Valid,0x8d5c,0xe4,0xff,0xa0,0x00,0xff,0x3c,
2022-02-28T13:07:53.198,RX,Valid,0x15c3,0xc0,0xe4,0xa1,0x00,0x00,0xff,0x3c,0x02,0x00,0x00,
2022-02-28T13:07:54.157,TX,Valid,0x8d5c,0xe4,0xff,0xa0,0x00,0xff,0x3c,
2022-02-28T13:07:54.173,RX,Valid,0x15c3,0xc0,0xe4,0xa1,0x00,0x00,0xff,0x3c,0x02,0x00,0x00,
2022-02-28T13:07:55.179,TX,Valid,0x8d5c,0xe4,0xff,0xa0,0x00,0xff,0x3c,
2022-02-28T13:07:55.181,RX,Valid,0x15c3,0xc0,0xe4,0xa1,0x00,0x00,0xff,0x3c,0x02,0x00,0x00,
2022-02-28T13:07:56.161,TX,Valid,0x8d5c,0xe4,0xff,0xa0,0x00,0xff,0x3c,
2022-02-28T13:07:57.153,TX,Valid,0x8d5c,0xe4,0xff,0xa0,0x00,0xff,0x3c,
2022-02-28T13:07:57.165,RX,Valid,0x15c3,0xc0,0xe4,0xa1,0x00,0x00,0xff,0x3c,0x02,0x00,0x00,
2022-02-28T13:07:58.159,TX,Valid,0x8d5c,0xe4,0xff,0xa0,0x00,0xff,0x3c,
2022-02-28T13:07:58.172,RX,Valid,0x15c3,0xc0,0xe4,0xa1,0x00,0x00,0xff,0x3c,0x02,0x00,0x00,
2022-02-28T13:07:59.158,TX,Valid,0x8d5c,0xe4,0xff,0xa0,0x00,0xff,0x3c,
2022-02-28T13:07:59.164,RX,Valid,0x15c3,0xc0,0xe4,0xa1,0x00,0x00,0xff,0x3c,0x02,0x00,0x00,
2022-02-28T13:08:00.172,TX,Valid,0x8d5c,0xe4,0xff,0xa0,0x00,0xff,0x3c,
2022-02-28T13:08:01.878,TX,Valid,0x8d5c,0xe4,0xff,0xa0,0x00,0xff,0x3c,
2022-02-28T13:08:01.884,RX,Valid,0x15c3,0xc0,0xe4,0xa1,0x00,0x00,0xff,0x3c,0x02,0x00,0x00,
2022-02-28T13:08:02.890,TX,Valid,0x8d5c,0xe4,0xff,0xa0,0x00,0xff,0x3c,
2022-02-28T13:08:02.908,RX,Valid,0x15c3,0xc0,0xe4,0xa1,0x00,0x00,0xff,0x3c,0x02,0x00,0x00,
2022-02-28T13:08:03.887,TX,Valid,0x8d5c,0xe4,0xff,0xa0,0x00,0xff,0x3c,
2022-02-28T13:08:03.899,RX,Valid,0x15c3,0xc0,0xe4,0xa1,0x00,0x00,0xff,0x3c,0x02,0x00,0x00,
2022-02-28T13:08:04.892,TX,Valid,0x8d5c,0xe4,0xff,0xa0,0x00,0xff,0x3c,
2022-02-28T13:08:04.907,RX,Valid,0x15c3,0xc0,0xe4,0xa1,0x00,0x00,0xff,0x3c,0x02,0x00,0x00,
2022-02-28T13:08:05.883,TX,Valid,0x8d5c,0xe4,0xff,0xa0,0x00,0xff,0x3c,
2022-02-28T13:08:05.900,RX,Valid,0x15c3,0xc0,0xe4,0xa1,0x00,0x00,0xff,0x3c,0x02,0x00,0x00,
2022-02-28T13:08:06.891,TX,Valid,0x8d5c,0xe4,0xff,0xa0,0x00,0xff,0x3c,
2022-02-28T13:08:06.893,RX,Valid,0x15c3,0xc0,0xe4,0xa1,0x00,0x00,0xff,0x3c,0x02,0x00,0x00,
2022-02-28T13:08:07.883,TX,Valid,0x8d5c,0xe4,0xff,0xa0,0x00,0xff,0x3c,
2022-02-28T13:08:08.885,TX,Valid,0x8d5c,0xe4,0xff,0xa0,0x00,0xff,0x3c,
2022-02-28T13:08:08.892,RX,Valid,0x15c3,0xc0,0xe4,0xa1,0x00,0x00,0xff,0x3c,0x02,0x00,0x00,
2022-02-28T13:08:09.878,TX,Valid,0x8d5c,0xe4,0xff,0xa0,0x00,0xff,0x3c,
2022-02-28T13:08:09.883,RX,Valid,0x15c3,0xc0,0xe4,0xa1,0x00,0x00,0xff,0x3c,0x02,0x00,0x00,
2022-02-28T13:08:10.891,TX,Valid,0x8d5c,0xe4,0xff,0xa0,0x00,0xff,0x3c,
2022-02-28T13:08:10.907,RX,Valid,0x15c3,0xc0,0xe4,0xa1,0x00,0x00,0xff,0x3c,0x02,0x00,0x00,
2022-02-28T13:08:11.898,TX,Valid,0x8d5c,0xe4,0xff,0xa0,0x00,0xff,0x3c,
2022-02-28T13:08:11.900,RX,Valid,0x15c3,0xc0,0xe4,0xa1,0x00,0x00,0xff,0x3c,0x02,0x00,0x00,
2022-02-28T13:08:12.893,TX,Valid,0x8d5c,0xe4,0xff,0xa0,0x00,0xff,0x3c,
2022-02-28T13:08:12.906,RX,Valid,0x15c3,0xc0,0xe4,0xa1,0x00,0x00,0xff,0x3c,0x02,0x00,0x00,
2022-02-28T13:08:13.887,TX,Valid,0x8d5c,0xe4,0xff,0xa0,0x00,0xff,0x3c,
2022-02-28T13:08:14.891,TX,Valid,0x8d5c,0xe4,0xff,0xa0,0x00,0xff,0x3c,
2022-02-28T13:08:14.906,RX,Valid,0x15c3,0xc0,0xe4,0xa1,0x00,0x00,0xff,0x3c,0x02,0x00,0x00,
2022-02-28T13:08:15.882,TX,Valid,0x8d5c,0xe4,0xff,0xa0,0x00,0xff,0x3c,
2022-02-28T13:08:15.899,RX,Valid,0x15c3,0xc0,0xe4,0xa1,0x00,0x00,0xff,0x3c,0x02,0x00,0x00,
2022-02-28T13:08:16.890,TX,Valid,0x8d5c,0xe4,0xff,0xa0,0x00,0xff,0x3c,
2022-02-28T13:08:16.891,RX,Valid,0x15c3,0xc0,0xe4,0xa1,0x00,0x00,0xff,0x3c,0x02,0x00,0x00,
2022-02-28T13:08:17.877,TX,Valid,0x8d5c,0xe4,0xff,0xa0,0x00,0xff,0x3c,
2022-02-28T13:08:17.882,RX,Valid,0x15c3,0xc0,0xe4,0xa1,0x00,0x00,0xff,0x3c,0x02,0x00,0x00,
2022-02-28T13:08:18.887,TX,Valid,0x8d5c,0xe4,0xff,0xa0,0x00,0xff,0x3c,
2022-02-28T13:08:18.890,RX,Valid,0x15c3,0xc0,0xe4,0xa1,0x00,0x00,0xff,0x3c,0x02,0x00,0x00,
2022-02-28T13:08:19.896,TX,Valid,0x8d5c,0xe4,0xff,0xa0,0x00,0xff,0x3c,
2022-02-28T13:08:20.195,TX,Valid,0x8d5c,0xe4,0xff,0xa0,0x00,0xff,0x3c,
2022-02-28T13:08:20.202,RX,Valid,0x15c3,0xc0,0xe4,0xa1,0x00,0x00,0xff,0x3c,0x02,0x00,0x00,
2022-02-28T13:08:21.153,TX,Valid,0x8d5c,0xe4,0xff,0xa0,0x00,0xff,0x3c,
2022-02-28T13:08:21.161,RX,Valid,0x15c3,0xc0,0xe4,0xa1,0x00,0x00,0xff,0x3c,0x02,0x00,0x00,
2022-02-28T13:08:22.169,TX,Valid,0x8d5c,0xe4,0xff,0xa0,0x00,0xff,0x3c,
2022-02-28T13:08:22.171,RX,Valid,0x15c3,0xc0,0xe4,0xa1,0x00,0x00,0xff,0x3c,0x02,0x00,0x00,
2022-02-28T13:08:23.170,TX,Valid,0x8d5c,0xe4,0xff,0xa0,0x00,0xff,0x3c,
2022-02-28T13:08:23.177,RX,Valid,0x15c3,0xc0,0xe4,0xa1,0x00,0x00,0xff,0x3c,0x02,0x00,0x00,
2022-02-28T13:08:24.151,TX,Valid,0x8d5c,0xe4,0xff,0xa0,0x00,0xff,0x3c,
2022-02-28T13:08:24.169,RX,Valid,0x15c3,0xc0,0xe4,0xa1,0x00,0x00,0xff,0x3c,0x02,0x00,0x00,
2022-02-28T13:08:25.168,TX,Valid,0x8d5c,0xe4,0xff,0xa0,0x00,0xff,0x3c,
2022-02-28T13:08:25.177,RX,Valid,0x15c3,0xc0,0xe4,0xa1,0x00,0x00,0xff,0x3c,0x02,0x00,0x00,
2022-02-28T13:08:26.160,TX,Valid,0x8d5c,0xe4,0xff,0xa0,0x00,0xff,0x3c,
2022-02-28T13:08:26.169,RX,Valid,0x15c3,0xc0,0xe4,0xa1,0x00,0x00,0xff,0x3c,0x02,0x00,0x00,
2022-02-28T13:08:27.151,TX,Valid,0x8d5c,0xe4,0xff,0xa0,0x00,0xff,0x3c,
2022-02-28T13:08:27.161,RX,Valid,0x15c3,0xc0,0xe4,0xa1,0x00,0x00,0xff,0x3c,0x02,0x00,0x00,
2022-02-28T13:08:28.162,TX,Valid,0x8d5c,0xe4,0xff,0xa0,0x00,0xff,0x3c,
2022-02-28T13:08:28.169,RX,Valid,0x15c3,0xc0,0xe4,0xa1,0x00,0x00,0xff,0x3c,0x02,0x00,0x00,
2022-02-28T13:08:29.153,TX,Valid,0x8d5c,0xe4,0xff,0xa0,0x00,0xff,0x3c,
2022-02-28T13:08:29.160,RX,Valid,0x15c3,0xc0,0xe4,0xa1,0x00,0x00,0xff,0x3c,0x02,0x00,0x00,
2022-02-28T13:08:30.154,TX,Valid,0x8d5c,0xe4,0xff,0xa0,0x00,0xff,0x3c,
2022-02-28T13:08:30.168,RX,Valid,0x15c3,0xc0,0xe4,0xa1,0x00,0x00,0xff,0x3c,0x02,0x00,0x00,
2022-02-28T13:08:31.160,TX,Valid,0x8d5c,0xe4,0xff,0xa0,0x00,0xff,0x3c,
2022-02-28T13:08:31.176,RX,Valid,0x15c3,0xc0,0xe4,0xa1,0x00,0x00,0xff,0x3c,0x02,0x00,0x00,
2022-02-28T13:08:32.151,TX,Valid,0x8d5c,0xe4,0xff,0xa0,0x00,0xff,0x3c,
2022-02-28T13:08:32.168,RX,Valid,0x15c3,0xc0,0xe4,0xa1,0x00,0x00,0xff,0x3c,0x02,0x00,0x00,
2022-02-28T13:08:33.158,TX,Valid,0x8d5c,0xe4,0xff,0xa0,0x00,0xff,0x3c,
2022-02-28T13:08:33.176,RX,Valid,0x15c3,0xc0,0xe4,0xa1,0x00,0x00,0xff,0x3c,0x02,0x00,0x00,
2022-02-28T13:08:34.152,TX,Valid,0x8d5c,0xe4,0xff,0xa0,0x00,0xff,0x3c,
2022-02-28T13:08:34.168,RX,Valid,0x15c3,0xc0,0xe4,0xa1,0x00,0x00,0xff,0x3c,0x02,0x00,0x00,
2022-02-28T13:08:35.172,TX,Valid,0x8d5c,0xe4,0xff,0xa0,0x00,0xff,0x3c,
2022-02-28T13:08:36.158,TX,Valid,0x8d5c,0xe4,0xff,0xa0,0x00,0xff,0x3c,
2022-02-28T13:08:36.167,RX,Valid,0x15c3,0xc0,0xe4,0xa1,0x00,0x00,0xff,0x3c,0x02,0x00,0x00,
2022-02-28T13:08:37.175,TX,Valid,0x8d5c,0xe4,0xff,0xa0,0x00,0xff,0x3c,
2022-02-28T13:08:37.177,RX,Valid,0x15c3,0xc0,0xe4,0xa1,0x00,0x00,0xff,0x3c,0x02,0x00,0x00,
2022-02-28T13:08:38.150,TX,Valid,0x8d5c,0xe4,0xff,0xa0,0x00,0xff,0x3c,
2022-02-28T13:08:38.167,RX,Valid,0x15c3,0xc0,0xe4,0xa1,0x00,0x00,0xff,0x3c,0x02,0x00,0x00,
2022-02-28T13:08:39.164,TX,Valid,0x8d5c,0xe4,0xff,0xa0,0x00,0xff,0x3c,
2022-02-28T13:08:39.175,RX,Valid,0x15c3,0xc0,0xe4,0xa1,0x00,0x00,0xff,0x3c,0x02,0x00,0x00,
2022-02-28T13:08:40.153,TX,Valid,0x8d5c,0xe4,0xff,0xa0,0x00,0xff,0x3c,
2022-02-28T13:08:40.167,RX,Valid,0x15c3,0xc0,0xe4,0xa1,0x00,0x00,0xff,0x3c,0x02,0x00,0x00,
2022-02-28T13:08:41.161,TX,Valid,0x8d5c,0xe4,0xff,0xa0,0x00,0xff,0x3c,
2022-02-28T13:08:41.175,RX,Valid,0x15c3,0xc0,0xe4,0xa1,0x00,0x00,0xff,0x3c,0x02,0x00,0x00,
2022-02-28T13:08:42.153,TX,Valid,0x8d5c,0xe4,0xff,0xa0,0x00,0xff,0x3c,
2022-02-28T13:08:42.167,RX,Valid,0x15c3,0xc0,0xe4,0xa1,0x00,0x00,0xff,0x3c,0x02,0x00,0x00,
2022-02-28T13:08:43.163,TX,Valid,0x8d5c,0xe4,0xff,0xa0,0x00,0xff,0x3c,
2022-02-28T13:08:43.174,RX,Valid,0x15c3,0xc0,0xe4,0xa1,0x00,0x00,0xff,0x3c,0x02,0x00,0x00,
2022-02-28T13:08:44.150,TX,Valid,0x8d5c,0xe4,0xff,0xa0,0x00,0xff,0x3c,
2022-02-28T13:08:45.164,TX,Valid,0x8d5c,0xe4,0xff,0xa0,0x00,0xff,0x3c,
2022-02-28T13:08:45.174,RX,Valid,0x15c3,0xc0,0xe4,0xa1,0x00,0x00,0xff,0x3c,0x02,0x00,0x00,
2022-02-28T13:08:46.162,TX,Valid,0x8d5c,0xe4,0xff,0xa0,0x00,0xff,0x3c,
2022-02-28T13:08:46.166,RX,Valid,0x15c3,0xc0,0xe4,0xa1,0x00,0x00,0xff,0x3c,0x02,0x00,0x00,
2022-02-28T13:08:47.152,TX,Valid,0x8d5c,0xe4,0xff,0xa0,0x00,0xff,0x3c,
2022-02-28T13:08:47.158,RX,Valid,0x15c3,0xc0,0xe4,0xa1,0x00,0x00,0xff,0x3c,0x02,0x00,0x00,
2022-02-28T13:08:48.155,TX,Valid,0x8d5c,0xe4,0xff,0xa0,0x00,0xff,0x3c,
2022-02-28T13:08:48.168,RX,Valid,0x15c3,0xc0,0xe4,0xa1,0x00,0x00,0xff,0x3c,0x02,0x00,0x00,
2022-02-28T13:08:49.164,TX,Valid,0x8d5c,0xe4,0xff,0xa0,0x00,0xff,0x3c,
2022-02-28T13:08:49.175,RX,Valid,0x15c3,0xc0,0xe4,0xa1,0x00,0x00,0xff,0x3c,0x02,0x00,0x00,
2022-02-28T13:08:50.153,TX,Valid,0x8d5c,0xe4,0xff,0xa0,0x00,0xff,0x3c,
2022-02-28T13:08:50.165,RX,Valid,0x15c3,0xc0,0xe4,0xa1,0x00,0x00,0xff,0x3c,0x02,0x00,0x00,
2022-02-28T13:08:51.156,TX,Valid,0x8d5c,0xe4,0xff,0xa0,0x00,0xff,0x3c,
2022-02-28T13:08:51.173,RX,Valid,0x15c3,0xc0,0xe4,0xa1,0x00,0x00,0xff,0x3c,0x02,0x00,0x00,
2022-02-28T13:08:52.157,TX,Valid,0x8d5c,0xe4,0xff,0xa0,0x00,0xff,0x3c,
2022-02-28T13:08:52.165,RX,Valid,0x15c3,0xc0,0xe4,0xa1,0x00,0x00,0xff,0x3c,0x02,0x00,0x00,
2022-02-28T13:08:53.155,TX,Valid,0x8d5c,0xe4,0xff,0xa0,0x00,0xff,0x3c,
2022-02-28T13:08:53.174,RX,Valid,0x15c3,0xc0,0xe4,0xa1,0x00,0x00,0xff,0x3c,0x02,0x00,0x00,
2022-02-28T13:08:54.155,TX,Valid,0x8d5c,0xe4,0xff,0xa0,0x00,0xff,0x3c,
2022-02-28T13:08:54.165,RX,Valid,0x15c3,0xc0,0xe4,0xa1,0x00,0x00,0xff,0x3c,0x02,0x00,0x00,
2022-02-28T13:08:55.173,TX,Valid,0x8d5c,0xe4,0xff,0xa0,0x00,0xff,0x3c,
2022-02-28T13:08:55.175,RX,Valid,0x15c3,0xc0,0xe4,0xa1,0x00,0x00,0xff,0x3c,0x02,0x00,0x00,
2022-02-28T13:08:56.162,TX,Valid,0x8d5c,0xe4,0xff,0xa0,0x00,0xff,0x3c,
2022-02-28T13:08:57.155,TX,Valid,0x8d5c,0xe4,0xff,0xa0,0x00,0xff,0x3c,
2022-02-28T13:08:57.173,RX,Valid,0x15c3,0xc0,0xe4,0xa1,0x00,0x00,0xff,0x3c,0x02,0x00,0x00,
2022-02-28T13:08:58.162,TX,Valid,0x8d5c,0xe4,0xff,0xa0,0x00,0xff,0x3c,
2022-02-28T13:08:59.161,TX,Valid,0x8d5c,0xe4,0xff,0xa0,0x00,0xff,0x3c,
2022-02-28T13:08:59.172,RX,Valid,0x15c3,0xc0,0xe4,0xa1,0x00,0x00,0xff,0x3c,0x02,0x00,0x00,
2022-02-28T13:09:00.159,TX,Valid,0x8d5c,0xe4,0xff,0xa0,0x00,0xff,0x3c,
2022-02-28T13:09:00.164,RX,Valid,0x15c3,0xc0,0xe4,0xa1,0x00,0x00,0xff,0x3c,0x02,0x00,0x00,
2022-02-28T13:09:01.156,TX,Valid,0x8d5c,0xe4,0xff,0xa0,0x00,0xff,0x3c,
2022-02-28T13:09:02.150,TX,Valid,0x8d5c,0xe4,0xff,0xa0,0x00,0xff,0x3c,
2022-02-28T13:09:03.157,TX,Valid,0x8d5c,0xe4,0xff,0xa0,0x00,0xff,0x3c,
2022-02-28T13:09:03.172,RX,Valid,0x15c3,0xc0,0xe4,0xa1,0x00,0x00,0xff,0x3c,0x02,0x00,0x00,
2022-02-28T13:09:04.153,TX,Valid,0x8d5c,0xe4,0xff,0xa0,0x00,0xff,0x3c,
2022-02-28T13:09:04.164,RX,Valid,0x15c3,0xc0,0xe4,0xa1,0x00,0x00,0xff,0x3c,0x02,0x00,0x00,
2022-02-28T13:09:05.166,TX,Valid,0x8d5c,0xe4,0xff,0xa0,0x00,0xff,0x3c,
2022-02-28T13:09:05.172,RX,Valid,0x15c3,0xc0,0xe4,0xa1,0x00,0x00,0xff,0x3c,0x02,0x00,0x00,
2022-02-28T13:09:06.151,TX,Valid,0x8d5c,0xe4,0xff,0xa0,0x00,0xff,0x3c,
2022-02-28T13:09:07.158,TX,Valid,0x8d5c,0xe4,0xff,0xa0,0x00,0xff,0x3c,
2022-02-28T13:09:07.171,RX,Valid,0x15c3,0xc0,0xe4,0xa1,0x00,0x00,0xff,0x3c,0x02,0x00,0x00,
2022-02-28T13:09:08.152,TX,Valid,0x8d5c,0xe4,0xff,0xa0,0x00,0xff,0x3c,
2022-02-28T13:09:09.163,TX,Valid,0x8d5c,0xe4,0xff,0xa0,0x00,0xff,0x3c,
2022-02-28T13:09:09.171,RX,Valid,0x15c3,0xc0,0xe4,0xa1,0x00,0x00,0xff,0x3c,0x02,0x00,0x00,
2022-02-28T13:09:10.154,TX,Valid,0x8d5c,0xe4,0xff,0xa0,0x00,0xff,0x3c,
2022-02-28T13:09:10.163,RX,Valid,0x15c3,0xc0,0xe4,0xa1,0x00,0x00,0xff,0x3c,0x02,0x00,0x00,
2022-02-28T13:09:11.150,TX,Valid,0x8d5c,0xe4,0xff,0xa0,0x00,0xff,0x3c,
2022-02-28T13:09:12.150,TX,Valid,0x8d5c,0xe4,0xff,0xa0,0x00,0xff,0x3c,
2022-02-28T13:09:12.163,RX,Valid,0x15c3,0xc0,0xe4,0xa1,0x00,0x00,0xff,0x3c,0x02,0x00,0x00,
2022-02-28T13:09:13.160,TX,Valid,0x8d5c,0xe4,0xff,0xa0,0x00,0xff,0x3c,
2022-02-28T13:09:13.170,RX,Valid,0x15c3,0xc0,0xe4,0xa1,0x00,0x00,0xff,0x3c,0x02,0x00,0x00,
2022-02-28T13:09:14.150,TX,Valid,0x8d5c,0xe4,0xff,0xa0,0x00,0xff,0x3c,
2022-02-28T13:09:15.158,TX,Valid,0x8d5c,0xe4,0xff,0xa0,0x00,0xff,0x3c,
2022-02-28T13:09:16.150,TX,Valid,0x8d5c,0xe4,0xff,0xa0,0x00,0xff,0x3c,
2022-02-28T13:09:17.154,TX,Valid,0x8d5c,0xe4,0xff,0xa0,0x00,0xff,0x3c,
2022-02-28T13:09:17.169,RX,Valid,0x15c3,0xc0,0xe4,0xa1,0x00,0x00,0xff,0x3c,0x02,0x00,0x00,
2022-02-28T13:09:18.161,TX,Valid,0x8d5c,0xe4,0xff,0xa0,0x00,0xff,0x3c,
2022-02-28T13:09:18.163,RX,Valid,0x15c3,0xc0,0xe4,0xa1,0x00,0x00,0xff,0x3c,0x02,0x00,0x00,
2022-02-28T13:09:23.109,TX,Valid,0x8d5c,0xe4,0xff,0xa0,0x00,0xff,0x3c,
2022-02-28T13:09:23.121,RX,Valid,0x15c3,0xc0,0xe4,0xa1,0x00,0x00,0xff,0x3c,0x02,0x00,0x00,
2022-02-28T13:09:24.114,TX,Valid,0x8d5c,0xe4,0xff,0xa0,0x00,0xff,0x3c,
2022-02-28T13:09:24.129,RX,Valid,0x15c3,0xc0,0xe4,0xa1,0x00,0x00,0xff,0x3c,0x02,0x00,0x00,
2022-02-28T13:09:25.119,TX,Valid,0x8d5c,0xe4,0xff,0xa0,0x00,0xff,0x3c,
2022-02-28T13:09:25.136,RX,Valid,0x15c3,0xc0,0xe4,0xa1,0x00,0x00,0xff,0x3c,0x02,0x00,0x00,
2022-02-28T13:09:26.115,TX,Valid,0x8d5c,0xe4,0xff,0xa0,0x00,0xff,0x3c,
2022-02-28T13:09:27.112,TX,Valid,0x8d5c,0xe4,0xff,0xa0,0x00,0xff,0x3c,
2022-02-28T13:09:28.113,TX,Valid,0x8d5c,0xe4,0xff,0xa0,0x00,0xff,0x3c,
2022-02-28T13:09:28.128,RX,Valid,0x15c3,0xc0,0xe4,0xa1,0x00,0x00,0xff,0x3c,0x02,0x00,0x00,
2022-02-28T13:09:29.121,TX,Valid,0x8d5c,0xe4,0xff,0xa0,0x00,0xff,0x3c,
2022-02-28T13:09:29.136,RX,Valid,0xd39c,0xc0,0xe4,0xa1,0x00,0x00,0xff,0x3c,0x02,0x01,0xa4,
2022-02-28T13:09:30.119,TX,Valid,0x8d5c,0xe4,0xff,0xa0,0x00,0xff,0x3c,
2022-02-28T13:09:30.128,RX,Valid,0x99dc,0xc0,0xe4,0xa1,0x00,0x00,0xff,0x3c,0x02,0x03,0xc0,
2022-02-28T13:09:31.121,TX,Valid,0x8d5c,0xe4,0xff,0xa0,0x00,0xff,0x3c,
2022-02-28T13:09:31.137,RX,Valid,0x4f5c,0xc0,0xe4,0xa1,0x00,0x00,0xff,0x3c,0x02,0x05,0x28,
2022-02-28T13:09:32.111,TX,Valid,0x8d5c,0xe4,0xff,0xa0,0x00,0xff,0x3c,
2022-02-28T13:09:32.128,RX,Valid,0xe0c7,0xc0,0xe4,0xa1,0x00,0x00,0xff,0x3c,0x02,0x05,0xdc,
2022-02-28T13:09:33.122,TX,Valid,0x8d5c,0xe4,0xff,0xa0,0x00,0xff,0x3c,
2022-02-28T13:09:34.127,TX,Valid,0x8d5c,0xe4,0xff,0xa0,0x00,0xff,0x3c,
2022-02-28T13:09:34.143,RX,Valid,0xea03,0xc0,0xe4,0xa1,0x00,0x00,0xff,0x3c,0x02,0x07,0xbc,
2022-02-28T13:09:35.123,TX,Valid,0x8d5c,0xe4,0xff,0xa0,0x00,0xff,0x3c,
2022-02-28T13:09:35.135,RX,Valid,0xe04c,0xc0,0xe4,0xa1,0x00,0x00,0xff,0x3c,0x02,0x08,0xe8,
2022-02-28T13:09:36.125,TX,Valid,0x8d5c,0xe4,0xff,0xa0,0x00,0xff,0x3c,
2022-02-28T13:09:36.127,RX,Valid,0xcbbd,0xc0,0xe4,0xa1,0x00,0x00,0xff,0x3c,0x02,0x09,0x24,
2022-02-28T13:09:37.127,TX,Valid,0x8d5c,0xe4,0xff,0xa0,0x00,0xff,0x3c,
2022-02-28T13:09:37.136,RX,Valid,0xc3fd,0xc0,0xe4,0xa1,0x00,0x00,0xff,0x3c,0x02,0x09,0x60,
2022-02-28T13:09:38.115,TX,Valid,0x8d5c,0xe4,0xff,0xa0,0x00,0xff,0x3c,
2022-02-28T13:09:38.127,RX,Valid,0xe52e,0xc0,0xe4,0xa1,0x00,0x00,0xff,0x3c,0x02,0x09,0xd8,
2022-02-28T13:09:39.117,TX,Valid,0x8d5c,0xe4,0xff,0xa0,0x00,0xff,0x3c,
2022-02-28T13:09:39.135,RX,Valid,0xa8bd,0xc0,0xe4,0xa1,0x00,0x00,0xff,0x3c,0x02,0x0a,0x14,
2022-02-28T13:09:40.112,TX,Valid,0x8d5c,0xe4,0xff,0xa0,0x00,0xff,0x3c,
2022-02-28T13:09:41.112,TX,Valid,0x8d5c,0xe4,0xff,0xa0,0x00,0xff,0x3c,
2022-02-28T13:09:42.126,TX,Valid,0x8d5c,0xe4,0xff,0xa0,0x00,0xff,0x3c,
2022-02-28T13:09:42.142,RX,Valid,0xa8bd,0xc0,0xe4,0xa1,0x00,0x00,0xff,0x3c,0x02,0x0a,0x14,
2022-02-28T13:09:43.115,TX,Valid,0x8d5c,0xe4,0xff,0xa0,0x00,0xff,0x3c,
2022-02-28T13:09:43.118,RX,Valid,0xa8bd,0xc0,0xe4,0xa1,0x00,0x00,0xff,0x3c,0x02,0x0a,0x14,
2022-02-28T13:09:44.127,TX,Valid,0x8d5c,0xe4,0xff,0xa0,0x00,0xff,0x3c,
2022-02-28T13:09:44.143,RX,Valid,0xa8bd,0xc0,0xe4,0xa1,0x00,0x00,0xff,0x3c,0x02,0x0a,0x14,
2022-02-28T13:09:45.120,TX,Valid,0x8d5c,0xe4,0xff,0xa0,0x00,0xff,0x3c,
2022-02-28T13:09:45.134,RX,Valid,0xa8bd,0xc0,0xe4,0xa1,0x00,0x00,0xff,0x3c,0x02,0x0a,0x14,
2022-02-28T13:09:46.117,TX,Valid,0x8d5c,0xe4,0xff,0xa0,0x00,0xff,0x3c,
2022-02-28T13:09:46.126,RX,Valid,0xa8bd,0xc0,0xe4,0xa1,0x00,0x00,0xff,0x3c,0x02,0x0a,0x14,
2022-02-28T13:09:47.113,TX,Valid,0x8d5c,0xe4,0xff,0xa0,0x00,0xff,0x3c,
2022-02-28T13:09:47.117,RX,Valid,0xa8bd,0xc0,0xe4,0xa1,0x00,0x00,0xff,0x3c,0x02,0x0a,0x14,
2022-02-28T13:09:48.125,TX,Valid,0x8d5c,0xe4,0xff,0xa0,0x00,0xff,0x3c,
2022-02-28T13:09:48.127,RX,Valid,0xa8bd,0xc0,0xe4,0xa1,0x00,0x00,0xff,0x3c,0x02,0x0a,0x14,
2022-02-28T13:09:49.121,TX,Valid,0x8d5c,0xe4,0xff,0xa0,0x00,0xff,0x3c,
2022-02-28T13:09:49.133,RX,Valid,0xa8bd,0xc0,0xe4,0xa1,0x00,0x00,0xff,0x3c,0x02,0x0a,0x14,
2022-02-28T13:09:50.127,TX,Valid,0x8d5c,0xe4,0xff,0xa0,0x00,0xff,0x3c,
2022-02-28T13:09:50.141,RX,Valid,0xa0fd,0xc0,0xe4,0xa1,0x00,0x00,0xff,0x3c,0x02,0x0a,0x50,
2022-02-28T13:09:51.114,TX,Valid,0x8d5c,0xe4,0xff,0xa0,0x00,0xff,0x3c,
2022-02-28T13:09:51.133,RX,Valid,0xa8bd,0xc0,0xe4,0xa1,0x00,0x00,0xff,0x3c,0x02,0x0a,0x14,
2022-02-28T13:09:52.120,TX,Valid,0x8d5c,0xe4,0xff,0xa0,0x00,0xff,0x3c,
2022-02-28T13:09:52.127,RX,Valid,0xa8bd,0xc0,0xe4,0xa1,0x00,0x00,0xff,0x3c,0x02,0x0a,0x14,
2022-02-28T13:09:53.114,TX,Valid,0x8d5c,0xe4,0xff,0xa0,0x00,0xff,0x3c,
2022-02-28T13:09:53.132,RX,Valid,0xa8bd,0xc0,0xe4,0xa1,0x00,0x00,0xff,0x3c,0x02,0x0a,0x14,
2022-02-28T13:09:54.122,TX,Valid,0x8d5c,0xe4,0xff,0xa0,0x00,0xff,0x3c,
2022-02-28T13:09:54.127,RX,Valid,0xa0fd,0xc0,0xe4,0xa1,0x00,0x00,0xff,0x3c,0x02,0x0a,0x50,
2022-02-28T13:09:55.116,TX,Valid,0x8d5c,0xe4,0xff,0xa0,0x00,0xff,0x3c,
2022-02-28T13:09:55.132,RX,Valid,0xa8bd,0xc0,0xe4,0xa1,0x00,0x00,0xff,0x3c,0x02,0x0a,0x14,
2022-02-28T13:09:56.129,TX,Valid,0x8d5c,0xe4,0xff,0xa0,0x00,0xff,0x3c,
2022-02-28T13:09:57.130,TX,Valid,0x8d5c,0xe4,0xff,0xa0,0x00,0xff,0x3c,
2022-02-28T13:09:57.149,RX,Valid,0xa8bd,0xc0,0xe4,0xa1,0x00,0x00,0xff,0x3c,0x02,0x0a,0x14,
2022-02-28T13:09:58.123,TX,Valid,0x8d5c,0xe4,0xff,0xa0,0x00,0xff,0x3c,
2022-02-28T13:09:58.140,RX,Valid,0xa8bd,0xc0,0xe4,0xa1,0x00,0x00,0xff,0x3c,0x02,0x0a,0x14,
2022-02-28T13:09:59.117,TX,Valid,0x8d5c,0xe4,0xff,0xa0,0x00,0xff,0x3c,
2022-02-28T13:09:59.133,RX,Valid,0xa0fd,0xc0,0xe4,0xa1,0x00,0x00,0xff,0x3c,0x02,0x0a,0x50,
2022-02-28T13:10:00.146,TX,Valid,0x8d5c,0xe4,0xff,0xa0,0x00,0xff,0x3c,
2022-02-28T13:10:00.148,RX,Valid,0xa8bd,0xc0,0xe4,0xa1,0x00,0x00,0xff,0x3c,0x02,0x0a,0x14,
2022-02-28T13:10:01.112,TX,Valid,0x8d5c,0xe4,0xff,0xa0,0x00,0xff,0x3c,
2022-02-28T13:10:02.138,TX,Valid,0x8d5c,0xe4,0xff,0xa0,0x00,0xff,0x3c,
2022-02-28T13:10:02.140,RX,Valid,0xa8bd,0xc0,0xe4,0xa1,0x00,0x00,0xff,0x3c,0x02,0x0a,0x14,
2022-02-28T13:10:03.128,TX,Valid,0x8d5c,0xe4,0xff,0xa0,0x00,0xff,0x3c,
2022-02-28T13:10:03.147,RX,Valid,0xa0fd,0xc0,0xe4,0xa1,0x00,0x00,0xff,0x3c,0x02,0x0a,0x50,
2022-02-28T13:10:04.118,TX,Valid,0x8d5c,0xe4,0xff,0xa0,0x00,0xff,0x3c,
2022-02-28T13:10:04.124,RX,Valid,0xa8bd,0xc0,0xe4,0xa1,0x00,0x00,0xff,0x3c,0x02,0x0a,0x14,
2022-02-28T13:10:05.115,TX,Valid,0x8d5c,0xe4,0xff,0xa0,0x00,0xff,0x3c,
2022-02-28T13:10:05.132,RX,Valid,0xa0fd,0xc0,0xe4,0xa1,0x00,0x00,0xff,0x3c,0x02,0x0a,0x50,
2022-02-28T13:10:06.119,TX,Valid,0x8d5c,0xe4,0xff,0xa0,0x00,0xff,0x3c,
2022-02-28T13:10:06.125,RX,Valid,0xa8bd,0xc0,0xe4,0xa1,0x00,0x00,0xff,0x3c,0x02,0x0a,0x14,
2022-02-28T13:10:07.115,TX,Valid,0x8d5c,0xe4,0xff,0xa0,0x00,0xff,0x3c,
2022-02-28T13:10:07.131,RX,Valid,0xa0fd,0xc0,0xe4,0xa1,0x00,0x00,0xff,0x3c,0x02,0x0a,0x50,
2022-02-28T13:10:08.126,TX,Valid,0x8d5c,0xe4,0xff,0xa0,0x00,0xff,0x3c,
2022-02-28T13:10:08.139,RX,Valid,0xa8bd,0xc0,0xe4,0xa1,0x00,0x00,0xff,0x3c,0x02,0x0a,0x14,
2022-02-28T13:10:09.127,TX,Valid,0x8d5c,0xe4,0xff,0xa0,0x00,0xff,0x3c,
2022-02-28T13:10:09.147,RX,Valid,0xa0fd,0xc0,0xe4,0xa1,0x00,0x00,0xff,0x3c,0x02,0x0a,0x50,
2022-02-28T13:10:10.112,TX,Valid,0x8d5c,0xe4,0xff,0xa0,0x00,0xff,0x3c,
2022-02-28T13:10:10.123,RX,Valid,0xa0fd,0xc0,0xe4,0xa1,0x00,0x00,0xff,0x3c,0x02,0x0a,0x50,
2022-02-28T13:10:11.121,TX,Valid,0x8d5c,0xe4,0xff,0xa0,0x00,0xff,0x3c,
2022-02-28T13:10:11.131,RX,Valid,0xa8bd,0xc0,0xe4,0xa1,0x00,0x00,0xff,0x3c,0x02,0x0a,0x14,
2022-02-28T13:10:12.113,TX,Valid,0x8d5c,0xe4,0xff,0xa0,0x00,0xff,0x3c,
2022-02-28T13:10:12.123,RX,Valid,0xa0fd,0xc0,0xe4,0xa1,0x00,0x00,0xff,0x3c,0x02,0x0a,0x50,
2022-02-28T13:10:13.128,TX,Valid,0x8d5c,0xe4,0xff,0xa0,0x00,0xff,0x3c,
2022-02-28T13:10:13.130,RX,Valid,0xa8bd,0xc0,0xe4,0xa1,0x00,0x00,0xff,0x3c,0x02,0x0a,0x14,
2022-02-28T13:10:14.119,TX,Valid,0x8d5c,0xe4,0xff,0xa0,0x00,0xff,0x3c,
2022-02-28T13:10:14.124,RX,Valid,0xa0fd,0xc0,0xe4,0xa1,0x00,0x00,0xff,0x3c,0x02,0x0a,0x50,
2022-02-28T13:10:15.125,TX,Valid,0x8d5c,0xe4,0xff,0xa0,0x00,0xff,0x3c,
2022-02-28T13:10:15.130,RX,Valid,0xa8bd,0xc0,0xe4,0xa1,0x00,0x00,0xff,0x3c,0x02,0x0a,0x14,
2022-02-28T13:10:16.122,TX,Valid,0x8d5c,0xe4,0xff,0xa0,0x00,0xff,0x3c,
2022-02-28T13:10:16.123,RX,Valid,0xa0fd,0xc0,0xe4,0xa1,0x00,0x00,0xff,0x3c,0x02,0x0a,0x50,
2022-02-28T13:10:17.119,TX,Valid,0x8d5c,0xe4,0xff,0xa0,0x00,0xff,0x3c,
2022-02-28T13:10:17.130,RX,Valid,0xa8bd,0xc0,0xe4,0xa1,0x00,0x00,0xff,0x3c,0x02,0x0a,0x14,
2022-02-28T13:10:18.122,TX,Valid,0x8d5c,0xe4,0xff,0xa0,0x00,0xff,0x3c,
2022-02-28T13:10:18.138,RX,Valid,0xa0fd,0xc0,0xe4,0xa1,0x00,0x00,0xff,0x3c,0x02,0x0a,0x50,
2022-02-28T13:10:19.125,TX,Valid,0x8d5c,0xe4,0xff,0xa0,0x00,0xff,0x3c,
2022-02-28T13:10:20.118,TX,Valid,0x8d5c,0xe4,0xff,0xa0,0x00,0xff,0x3c,
2022-02-28T13:10:20.121,RX,Valid,0xa8bd,0xc0,0xe4,0xa1,0x00,0x00,0xff,0x3c,0x02,0x0a,0x14,
2022-02-28T13:10:21.124,TX,Valid,0x8d5c,0xe4,0xff,0xa0,0x00,0xff,0x3c,
2022-02-28T13:10:21.129,RX,Valid,0xa0fd,0xc0,0xe4,0xa1,0x00,0x00,0xff,0x3c,0x02,0x0a,0x50,
2022-02-28T13:10:22.122,TX,Valid,0x8d5c,0xe4,0xff,0xa0,0x00,0xff,0x3c,
2022-02-28T13:10:22.138,RX,Valid,0xa8bd,0xc0,0xe4,0xa1,0x00,0x00,0xff,0x3c,0x02,0x0a,0x14,
2022-02-28T13:10:23.126,TX,Valid,0x8d5c,0xe4,0xff,0xa0,0x00,0xff,0x3c,
2022-02-28T13:10:23.145,RX,Valid,0xa0fd,0xc0,0xe4,0xa1,0x00,0x00,0xff,0x3c,0x02,0x0a,0x50,
2022-02-28T13:10:24.114,TX,Valid,0x8d5c,0xe4,0xff,0xa0,0x00,0xff,0x3c,
2022-02-28T13:10:24.121,RX,Valid,0xa0fd,0xc0,0xe4,0xa1,0x00,0x00,0xff,0x3c,0x02,0x0a,0x50,
2022-02-28T13:10:25.128,TX,Valid,0x8d5c,0xe4,0xff,0xa0,0x00,0xff,0x3c,
2022-02-28T13:10:25.145,RX,Valid,0xa8bd,0xc0,0xe4,0xa1,0x00,0x00,0xff,0x3c,0x02,0x0a,0x14,
2022-02-28T13:10:26.120,TX,Valid,0x8d5c,0xe4,0xff,0xa0,0x00,0xff,0x3c,
2022-02-28T13:10:27.119,TX,Valid,0x8d5c,0xe4,0xff,0xa0,0x00,0xff,0x3c,
2022-02-28T13:10:27.129,RX,Valid,0xa0fd,0xc0,0xe4,0xa1,0x00,0x00,0xff,0x3c,0x02,0x0a,0x50,
2022-02-28T13:10:28.123,TX,Valid,0x8d5c,0xe4,0xff,0xa0,0x00,0xff,0x3c,
2022-02-28T13:10:28.136,RX,Valid,0xa8bd,0xc0,0xe4,0xa1,0x00,0x00,0xff,0x3c,0x02,0x0a,0x14,
2022-02-28T13:10:29.117,TX,Valid,0x8d5c,0xe4,0xff,0xa0,0x00,0xff,0x3c,
2022-02-28T13:10:29.129,RX,Valid,0xa0fd,0xc0,0xe4,0xa1,0x00,0x00,0xff,0x3c,0x02,0x0a,0x50,
2022-02-28T13:10:30.125,TX,Valid,0x8d5c,0xe4,0xff,0xa0,0x00,0xff,0x3c,
2022-02-28T13:10:30.137,RX,Valid,0xa0fd,0xc0,0xe4,0xa1,0x00,0x00,0xff,0x3c,0x02,0x0a,0x50,
2022-02-28T13:10:31.116,TX,Valid,0x8d5c,0xe4,0xff,0xa0,0x00,0xff,0x3c,
2022-02-28T13:10:31.128,RX,Valid,0xa8bd,0xc0,0xe4,0xa1,0x00,0x00,0xff,0x3c,0x02,0x0a,0x14,
2022-02-28T13:10:32.124,TX,Valid,0x8d5c,0xe4,0xff,0xa0,0x00,0xff,0x3c,
2022-02-28T13:10:32.136,RX,Valid,0xa0fd,0xc0,0xe4,0xa1,0x00,0x00,0xff,0x3c,0x02,0x0a,0x50,
2022-02-28T13:10:33.128,TX,Valid,0x8d5c,0xe4,0xff,0xa0,0x00,0xff,0x3c,
2022-02-28T13:10:33.144,RX,Valid,0xa0fd,0xc0,0xe4,0xa1,0x00,0x00,0xff,0x3c,0x02,0x0a,0x50,
2022-02-28T13:10:34.115,TX,Valid,0x8d5c,0xe4,0xff,0xa0,0x00,0xff,0x3c,
2022-02-28T13:10:34.119,RX,Valid,0xa0fd,0xc0,0xe4,0xa1,0x00,0x00,0xff,0x3c,0x02,0x0a,0x50,
2022-02-28T13:10:35.894,TX,Valid,0x8d5c,0xe4,0xff,0xa0,0x00,0xff,0x3c,
2022-02-28T13:10:35.911,RX,Valid,0xa0fd,0xc0,0xe4,0xa1,0x00,0x00,0xff,0x3c,0x02,0x0a,0x50,
2022-02-28T13:10:36.885,TX,Valid,0x8d5c,0xe4,0xff,0xa0,0x00,0xff,0x3c,
2022-02-28T13:10:36.903,RX,Valid,0xa0fd,0xc0,0xe4,0xa1,0x00,0x00,0xff,0x3c,0x02,0x0a,0x50,
2022-02-28T13:10:37.889,TX,Valid,0x8d5c,0xe4,0xff,0xa0,0x00,0xff,0x3c,
2022-02-28T13:10:37.895,RX,Valid,0xa0fd,0xc0,0xe4,0xa1,0x00,0x00,0xff,0x3c,0x02,0x0a,0x50,
2022-02-28T13:10:38.891,TX,Valid,0x8d5c,0xe4,0xff,0xa0,0x00,0xff,0x3c,
2022-02-28T13:10:38.905,RX,Valid,0xa0fd,0xc0,0xe4,0xa1,0x00,0x00,0xff,0x3c,0x02,0x0a,0x50,
2022-02-28T13:10:39.884,TX,Valid,0x8d5c,0xe4,0xff,0xa0,0x00,0xff,0x3c,
2022-02-28T13:10:39.895,RX,Valid,0xa0fd,0xc0,0xe4,0xa1,0x00,0x00,0xff,0x3c,0x02,0x0a,0x50,
2022-02-28T13:10:40.889,TX,Valid,0x8d5c,0xe4,0xff,0xa0,0x00,0xff,0x3c,
2022-02-28T13:10:40.903,RX,Valid,0xa0fd,0xc0,0xe4,0xa1,0x00,0x00,0xff,0x3c,0x02,0x0a,0x50,
2022-02-28T13:10:41.878,TX,Valid,0x8d5c,0xe4,0xff,0xa0,0x00,0xff,0x3c,
2022-02-28T13:10:41.895,RX,Valid,0xa0fd,0xc0,0xe4,0xa1,0x00,0x00,0xff,0x3c,0x02,0x0a,0x50,
2022-02-28T13:10:42.887,TX,Valid,0x8d5c,0xe4,0xff,0xa0,0x00,0xff,0x3c,
2022-02-28T13:10:42.903,RX,Valid,0xa0fd,0xc0,0xe4,0xa1,0x00,0x00,0xff,0x3c,0x02,0x0a,0x50,
2022-02-28T13:10:43.889,TX,Valid,0x8d5c,0xe4,0xff,0xa0,0x00,0xff,0x3c,
2022-02-28T13:10:43.894,RX,Valid,0xa0fd,0xc0,0xe4,0xa1,0x00,0x00,0xff,0x3c,0x02,0x0a,0x50,
2022-02-28T13:10:44.884,TX,Valid,0x8d5c,0xe4,0xff,0xa0,0x00,0xff,0x3c,
2022-02-28T13:10:44.902,RX,Valid,0xa8bd,0xc0,0xe4,0xa1,0x00,0x00,0xff,0x3c,0x02,0x0a,0x14,
2022-02-28T13:10:45.881,TX,Valid,0x8d5c,0xe4,0xff,0xa0,0x00,0xff,0x3c,
2022-02-28T13:10:45.894,RX,Valid,0xa0fd,0xc0,0xe4,0xa1,0x00,0x00,0xff,0x3c,0x02,0x0a,0x50,
2022-02-28T13:10:46.886,TX,Valid,0x8d5c,0xe4,0xff,0xa0,0x00,0xff,0x3c,
2022-02-28T13:10:46.902,RX,Valid,0xa0fd,0xc0,0xe4,0xa1,0x00,0x00,0xff,0x3c,0x02,0x0a,0x50,
2022-02-28T13:10:47.883,TX,Valid,0x8d5c,0xe4,0xff,0xa0,0x00,0xff,0x3c,
2022-02-28T13:10:47.895,RX,Valid,0xa0fd,0xc0,0xe4,0xa1,0x00,0x00,0xff,0x3c,0x02,0x0a,0x50,
2022-02-28T13:10:48.896,TX,Valid,0x8d5c,0xe4,0xff,0xa0,0x00,0xff,0x3c,
2022-02-28T13:10:48.902,RX,Valid,0xa0fd,0xc0,0xe4,0xa1,0x00,0x00,0xff,0x3c,0x02,0x0a,0x50,
2022-02-28T13:10:49.893,TX,Valid,0x8d5c,0xe4,0xff,0xa0,0x00,0xff,0x3c,
2022-02-28T13:10:49.911,RX,Valid,0xa0fd,0xc0,0xe4,0xa1,0x00,0x00,0xff,0x3c,0x02,0x0a,0x50,
2022-02-28T13:10:50.896,TX,Valid,0x8d5c,0xe4,0xff,0xa0,0x00,0xff,0x3c,
2022-02-28T13:10:52.894,TX,Valid,0x8d5c,0xe4,0xff,0xa0,0x00,0xff,0x3c,
2022-02-28T13:10:52.902,RX,Valid,0xa0fd,0xc0,0xe4,0xa1,0x00,0x00,0xff,0x3c,0x02,0x0a,0x50,
2022-02-28T13:10:53.892,TX,Valid,0x8d5c,0xe4,0xff,0xa0,0x00,0xff,0x3c,
2022-02-28T13:10:53.910,RX,Valid,0xa0fd,0xc0,0xe4,0xa1,0x00,0x00,0xff,0x3c,0x02,0x0a,0x50,
2022-02-28T13:10:54.890,TX,Valid,0x8d5c,0xe4,0xff,0xa0,0x00,0xff,0x3c,
2022-02-28T13:10:54.901,RX,Valid,0xa0fd,0xc0,0xe4,0xa1,0x00,0x00,0xff,0x3c,0x02,0x0a,0x50,
2022-02-28T13:10:55.884,TX,Valid,0x8d5c,0xe4,0xff,0xa0,0x00,0xff,0x3c,
2022-02-28T13:10:55.893,RX,Valid,0xa0fd,0xc0,0xe4,0xa1,0x00,0x00,0xff,0x3c,0x02,0x0a,0x50,
2022-02-28T13:10:56.886,TX,Valid,0x8d5c,0xe4,0xff,0xa0,0x00,0xff,0x3c,
2022-02-28T13:10:56.901,RX,Valid,0xa0fd,0xc0,0xe4,0xa1,0x00,0x00,0xff,0x3c,0x02,0x0a,0x50,
2022-02-28T13:10:57.894,TX,Valid,0x8d5c,0xe4,0xff,0xa0,0x00,0xff,0x3c,
2022-02-28T13:10:57.909,RX,Valid,0xa0fd,0xc0,0xe4,0xa1,0x00,0x00,0xff,0x3c,0x02,0x0a,0x50,
2022-02-28T13:10:58.878,TX,Valid,0x8d5c,0xe4,0xff,0xa0,0x00,0xff,0x3c,
2022-02-28T13:10:58.885,RX,Valid,0xa0fd,0xc0,0xe4,0xa1,0x00,0x00,0xff,0x3c,0x02,0x0a,0x50,
2022-02-28T13:10:59.887,TX,Valid,0x8d5c,0xe4,0xff,0xa0,0x00,0xff,0x3c,
2022-02-28T13:10:59.892,RX,Valid,0xaa0c,0xc0,0xe4,0xa1,0x00,0x00,0xff,0x3c,0x02,0x0a,0x8c,
2022-02-28T13:11:00.884,TX,Valid,0x8d5c,0xe4,0xff,0xa0,0x00,0xff,0x3c,
2022-02-28T13:11:00.900,RX,Valid,0xa0fd,0xc0,0xe4,0xa1,0x00,0x00,0xff,0x3c,0x02,0x0a,0x50,
2022-02-28T13:11:01.891,TX,Valid,0x8d5c,0xe4,0xff,0xa0,0x00,0xff,0x3c,
2022-02-28T13:11:01.908,RX,Valid,0xa0fd,0xc0,0xe4,0xa1,0x00,0x00,0xff,0x3c,0x02,0x0a,0x50,
2022-02-28T13:11:02.891,TX,Valid,0x8d5c,0xe4,0xff,0xa0,0x00,0xff,0x3c,
2022-02-28T13:11:03.891,TX,Valid,0x8d5c,0xe4,0xff,0xa0,0x00,0xff,0x3c,
2022-02-28T13:11:03.908,RX,Valid,0xa0fd,0xc0,0xe4,0xa1,0x00,0x00,0xff,0x3c,0x02,0x0a,0x50,
2022-02-28T13:11:04.890,TX,Valid,0x8d5c,0xe4,0xff,0xa0,0x00,0xff,0x3c,
2022-02-28T13:11:04.900,RX,Valid,0xa0fd,0xc0,0xe4,0xa1,0x00,0x00,0xff,0x3c,0x02,0x0a,0x50,
2022-02-28T13:11:05.886,TX,Valid,0x8d5c,0xe4,0xff,0xa0,0x00,0xff,0x3c,
2022-02-28T13:11:05.891,RX,Valid,0xa0fd,0xc0,0xe4,0xa1,0x00,0x00,0xff,0x3c,0x02,0x0a,0x50,
2022-02-28T13:11:06.898,TX,Valid,0x8d5c,0xe4,0xff,0xa0,0x00,0xff,0x3c,
2022-02-28T13:11:07.891,TX,Valid,0x8d5c,0xe4,0xff,0xa0,0x00,0xff,0x3c,
2022-02-28T13:11:08.888,TX,Valid,0x8d5c,0xe4,0xff,0xa0,0x00,0xff,0x3c,
2022-02-28T13:11:08.900,RX,Valid,0xa0fd,0xc0,0xe4,0xa1,0x00,0x00,0xff,0x3c,0x02,0x0a,0x50,
2022-02-28T13:11:09.888,TX,Valid,0x8d5c,0xe4,0xff,0xa0,0x00,0xff,0x3c,
2022-02-28T13:11:09.908,RX,Valid,0xaa0c,0xc0,0xe4,0xa1,0x00,0x00,0xff,0x3c,0x02,0x0a,0x8c,
2022-02-28T13:11:10.885,TX,Valid,0x8d5c,0xe4,0xff,0xa0,0x00,0xff,0x3c,
2022-02-28T13:11:10.899,RX,Valid,0xa0fd,0xc0,0xe4,0xa1,0x00,0x00,0xff,0x3c,0x02,0x0a,0x50,
2022-02-28T13:11:11.882,TX,Valid,0x8d5c,0xe4,0xff,0xa0,0x00,0xff,0x3c,
2022-02-28T13:11:11.891,RX,Valid,0xaa0c,0xc0,0xe4,0xa1,0x00,0x00,0xff,0x3c,0x02,0x0a,0x8c,
2022-02-28T13:11:12.882,TX,Valid,0x8d5c,0xe4,0xff,0xa0,0x00,0xff,0x3c,
2022-02-28T13:11:12.898,RX,Valid,0xa0fd,0xc0,0xe4,0xa1,0x00,0x00,0xff,0x3c,0x02,0x0a,0x50,
2022-02-28T13:11:13.893,TX,Valid,0x8d5c,0xe4,0xff,0xa0,0x00,0xff,0x3c,
2022-02-28T13:11:13.906,RX,Valid,0xaa0c,0xc0,0xe4,0xa1,0x00,0x00,0xff,0x3c,0x02,0x0a,0x8c,
2022-02-28T13:11:14.889,TX,Valid,0x8d5c,0xe4,0xff,0xa0,0x00,0xff,0x3c,
2022-02-28T13:11:14.898,RX,Valid,0xa0fd,0xc0,0xe4,0xa1,0x00,0x00,0xff,0x3c,0x02,0x0a,0x50,
2022-02-28T13:11:15.888,TX,Valid,0x8d5c,0xe4,0xff,0xa0,0x00,0xff,0x3c,
2022-02-28T13:11:15.906,RX,Valid,0xa0fd,0xc0,0xe4,0xa1,0x00,0x00,0xff,0x3c,0x02,0x0a,0x50,
2022-02-28T13:11:16.880,TX,Valid,0x8d5c,0xe4,0xff,0xa0,0x00,0xff,0x3c,
2022-02-28T13:11:16.898,RX,Valid,0xaa0c,0xc0,0xe4,0xa1,0x00,0x00,0xff,0x3c,0x02,0x0a,0x8c,
2022-02-28T13:11:17.880,TX,Valid,0x8d5c,0xe4,0xff,0xa0,0x00,0xff,0x3c,
2022-02-28T13:11:17.890,RX,Valid,0xaa0c,0xc0,0xe4,0xa1,0x00,0x00,0xff,0x3c,0x02,0x0a,0x8c,
2022-02-28T13:11:18.883,TX,Valid,0x8d5c,0xe4,0xff,0xa0,0x00,0xff,0x3c,
2022-02-28T13:11:18.900,RX,Valid,0xa0fd,0xc0,0xe4,0xa1,0x00,0x00,0xff,0x3c,0x02,0x0a,0x50,
2022-02-28T13:11:19.894,TX,Valid,0x8d5c,0xe4,0xff,0xa0,0x00,0xff,0x3c,
2022-02-28T13:11:19.906,RX,Valid,0xa0fd,0xc0,0xe4,0xa1,0x00,0x00,0xff,0x3c,0x02,0x0a,0x50,
2022-02-28T13:11:20.881,TX,Valid,0x8d5c,0xe4,0xff,0xa0,0x00,0xff,0x3c,
2022-02-28T13:11:20.898,RX,Valid,0xaa0c,0xc0,0xe4,0xa1,0x00,0x00,0xff,0x3c,0x02,0x0a,0x8c,
2022-02-28T13:11:21.894,TX,Valid,0x8d5c,0xe4,0xff,0xa0,0x00,0xff,0x3c,
2022-02-28T13:11:21.906,RX,Valid,0xaa0c,0xc0,0xe4,0xa1,0x00,0x00,0xff,0x3c,0x02,0x0a,0x8c,
2022-02-28T13:11:22.884,TX,Valid,0x8d5c,0xe4,0xff,0xa0,0x00,0xff,0x3c,
2022-02-28T13:11:22.898,RX,Valid,0xa0fd,0xc0,0xe4,0xa1,0x00,0x00,0xff,0x3c,0x02,0x0a,0x50,
2022-02-28T13:11:23.890,TX,Valid,0x8d5c,0xe4,0xff,0xa0,0x00,0xff,0x3c,
2022-02-28T13:11:23.905,RX,Valid,0xaa0c,0xc0,0xe4,0xa1,0x00,0x00,0xff,0x3c,0x02,0x0a,0x8c,
2022-02-28T13:11:24.880,TX,Valid,0x8d5c,0xe4,0xff,0xa0,0x00,0xff,0x3c,
2022-02-28T13:11:24.897,RX,Valid,0xa0fd,0xc0,0xe4,0xa1,0x00,0x00,0xff,0x3c,0x02,0x0a,0x50,
2022-02-28T13:11:25.887,TX,Valid,0x8d5c,0xe4,0xff,0xa0,0x00,0xff,0x3c,
2022-02-28T13:11:25.905,RX,Valid,0xaa0c,0xc0,0xe4,0xa1,0x00,0x00,0xff,0x3c,0x02,0x0a,0x8c,
2022-02-28T13:11:26.879,TX,Valid,0x8d5c,0xe4,0xff,0xa0,0x00,0xff,0x3c,
2022-02-28T13:11:26.896,RX,Valid,0xa0fd,0xc0,0xe4,0xa1,0x00,0x00,0xff,0x3c,0x02,0x0a,0x50,
2022-02-28T13:11:27.888,TX,Valid,0x8d5c,0xe4,0xff,0xa0,0x00,0xff,0x3c,
2022-02-28T13:11:27.890,RX,Valid,0xaa0c,0xc0,0xe4,0xa1,0x00,0x00,0xff,0x3c,0x02,0x0a,0x8c,
2022-02-28T13:11:28.885,TX,Valid,0x8d5c,0xe4,0xff,0xa0,0x00,0xff,0x3c,
2022-02-28T13:11:28.896,RX,Valid,0xa0fd,0xc0,0xe4,0xa1,0x00,0x00,0xff,0x3c,0x02,0x0a,0x50,
2022-02-28T13:11:29.898,TX,Valid,0x8d5c,0xe4,0xff,0xa0,0x00,0xff,0x3c,
2022-02-28T13:11:29.905,RX,Valid,0xaa0c,0xc0,0xe4,0xa1,0x00,0x00,0xff,0x3c,0x02,0x0a,0x8c,
2022-02-28T13:11:30.882,TX,Valid,0x8d5c,0xe4,0xff,0xa0,0x00,0xff,0x3c,
2022-02-28T13:11:30.896,RX,Valid,0xa0fd,0xc0,0xe4,0xa1,0x00,0x00,0xff,0x3c,0x02,0x0a,0x50,
2022-02-28T13:11:31.882,TX,Valid,0x8d5c,0xe4,0xff,0xa0,0x00,0xff,0x3c,
2022-02-28T13:11:31.888,RX,Valid,0xaa0c,0xc0,0xe4,0xa1,0x00,0x00,0xff,0x3c,0x02,0x0a,0x8c,
2022-02-28T13:11:32.892,TX,Valid,0x8d5c,0xe4,0xff,0xa0,0x00,0xff,0x3c,
2022-02-28T13:11:32.896,RX,Valid,0xaa0c,0xc0,0xe4,0xa1,0x00,0x00,0xff,0x3c,0x02,0x0a,0x8c,
2022-02-28T13:11:33.887,TX,Valid,0x8d5c,0xe4,0xff,0xa0,0x00,0xff,0x3c,
2022-02-28T13:11:34.882,TX,Valid,0x8d5c,0xe4,0xff,0xa0,0x00,0xff,0x3c,
2022-02-28T13:11:34.896,RX,Valid,0xaa0c,0xc0,0xe4,0xa1,0x00,0x00,0xff,0x3c,0x02,0x0a,0x8c,
2022-02-28T13:11:35.888,TX,Valid,0x8d5c,0xe4,0xff,0xa0,0x00,0xff,0x3c,
2022-02-28T13:11:35.904,RX,Valid,0xaa0c,0xc0,0xe4,0xa1,0x00,0x00,0xff,0x3c,0x02,0x0a,0x8c,
2022-02-28T13:11:36.890,TX,Valid,0x8d5c,0xe4,0xff,0xa0,0x00,0xff,0x3c,
2022-02-28T13:11:36.912,RX,Valid,0xa0fd,0xc0,0xe4,0xa1,0x00,0x00,0xff,0x3c,0x02,0x0a,0x50,
2022-02-28T13:11:37.897,TX,Valid,0x8d5c,0xe4,0xff,0xa0,0x00,0xff,0x3c,
2022-02-28T13:11:37.920,RX,Valid,0xaa0c,0xc0,0xe4,0xa1,0x00,0x00,0xff,0x3c,0x02,0x0a,0x8c,
2022-02-28T13:11:38.895,TX,Valid,0x8d5c,0xe4,0xff,0xa0,0x00,0xff,0x3c,
2022-02-28T13:11:39.893,TX,Valid,0x8d5c,0xe4,0xff,0xa0,0x00,0xff,0x3c,
2022-02-28T13:11:39.904,RX,Valid,0xa0fd,0xc0,0xe4,0xa1,0x00,0x00,0xff,0x3c,0x02,0x0a,0x50,
2022-02-28T13:11:40.888,TX,Valid,0x8d5c,0xe4,0xff,0xa0,0x00,0xff,0x3c,
2022-02-28T13:11:40.895,RX,Valid,0xaa0c,0xc0,0xe4,0xa1,0x00,0x00,0xff,0x3c,0x02,0x0a,0x8c,
2022-02-28T13:11:41.889,TX,Valid,0x8d5c,0xe4,0xff,0xa0,0x00,0xff,0x3c,
2022-02-28T13:11:41.903,RX,Valid,0xaa0c,0xc0,0xe4,0xa1,0x00,0x00,0xff,0x3c,0x02,0x0a,0x8c,
2022-02-28T13:11:42.886,TX,Valid,0x8d5c,0xe4,0xff,0xa0,0x00,0xff,0x3c,
2022-02-28T13:11:42.895,RX,Valid,0xa0fd,0xc0,0xe4,0xa1,0x00,0x00,0xff,0x3c,0x02,0x0a,0x50,
2022-02-28T13:11:43.890,TX,Valid,0x8d5c,0xe4,0xff,0xa0,0x00,0xff,0x3c,
2022-02-28T13:11:43.903,RX,Valid,0xaa0c,0xc0,0xe4,0xa1,0x00,0x00,0xff,0x3c,0x02,0x0a,0x8c,
2022-02-28T13:11:44.886,TX,Valid,0x8d5c,0xe4,0xff,0xa0,0x00,0xff,0x3c,
2022-02-28T13:11:44.894,RX,Valid,0xaa0c,0xc0,0xe4,0xa1,0x00,0x00,0xff,0x3c,0x02,0x0a,0x8c,
2022-02-28T13:11:45.915,TX,Valid,0x8d5c,0xe4,0xff,0xa0,0x00,0xff,0x3c,
2022-02-28T13:11:45.919,RX,Valid,0xaa0c,0xc0,0xe4,0xa1,0x00,0x00,0xff,0x3c,0x02,0x0a,0x8c,
2022-02-28T13:11:46.891,TX,Valid,0x8d5c,0xe4,0xff,0xa0,0x00,0xff,0x3c,
2022-02-28T13:11:47.885,TX,Valid,0x8d5c,0xe4,0xff,0xa0,0x00,0xff,0x3c,
2022-02-28T13:11:47.902,RX,Valid,0xaa0c,0xc0,0xe4,0xa1,0x00,0x00,0xff,0x3c,0x02,0x0a,0x8c,
2022-02-28T13:11:48.882,TX,Valid,0x8d5c,0xe4,0xff,0xa0,0x00,0xff,0x3c,
2022-02-28T13:11:49.882,TX,Valid,0x8d5c,0xe4,0xff,0xa0,0x00,0xff,0x3c,
2022-02-28T13:11:49.887,RX,Valid,0xaa0c,0xc0,0xe4,0xa1,0x00,0x00,0xff,0x3c,0x02,0x0a,0x8c,
2022-02-28T13:11:50.889,TX,Valid,0x8d5c,0xe4,0xff,0xa0,0x00,0xff,0x3c,
2022-02-28T13:11:50.894,RX,Valid,0xa0fd,0xc0,0xe4,0xa1,0x00,0x00,0xff,0x3c,0x02,0x0a,0x50,
2022-02-28T13:11:51.888,TX,Valid,0x8d5c,0xe4,0xff,0xa0,0x00,0xff,0x3c,
2022-02-28T13:11:51.902,RX,Valid,0xaa0c,0xc0,0xe4,0xa1,0x00,0x00,0xff,0x3c,0x02,0x0a,0x8c,
2022-02-28T13:11:52.896,TX,Valid,0x8d5c,0xe4,0xff,0xa0,0x00,0xff,0x3c,
2022-02-28T13:11:52.910,RX,Valid,0xaa0c,0xc0,0xe4,0xa1,0x00,0x00,0xff,0x3c,0x02,0x0a,0x8c,
2022-02-28T13:11:53.893,TX,Valid,0x8d5c,0xe4,0xff,0xa0,0x00,0xff,0x3c,
2022-02-28T13:11:53.902,RX,Valid,0xaa0c,0xc0,0xe4,0xa1,0x00,0x00,0xff,0x3c,0x02,0x0a,0x8c,
2022-02-28T13:11:54.893,TX,Valid,0x8d5c,0xe4,0xff,0xa0,0x00,0xff,0x3c,
2022-02-28T13:11:54.909,RX,Valid,0xaa0c,0xc0,0xe4,0xa1,0x00,0x00,0xff,0x3c,0x02,0x0a,0x8c,
2022-02-28T13:11:55.894,TX,Valid,0x8d5c,0xe4,0xff,0xa0,0x00,0xff,0x3c,
2022-02-28T13:11:55.901,RX,Valid,0xaa0c,0xc0,0xe4,0xa1,0x00,0x00,0xff,0x3c,0x02,0x0a,0x8c,
2022-02-28T13:11:56.893,TX,Valid,0x8d5c,0xe4,0xff,0xa0,0x00,0xff,0x3c,
2022-02-28T13:11:56.909,RX,Valid,0xa0fd,0xc0,0xe4,0xa1,0x00,0x00,0xff,0x3c,0x02,0x0a,0x50,
2022-02-28T13:11:57.894,TX,Valid,0x8d5c,0xe4,0xff,0xa0,0x00,0xff,0x3c,
2022-02-28T13:11:57.900,RX,Valid,0xaa0c,0xc0,0xe4,0xa1,0x00,0x00,0xff,0x3c,0x02,0x0a,0x8c,
2022-02-28T13:11:58.894,TX,Valid,0x8d5c,0xe4,0xff,0xa0,0x00,0xff,0x3c,
2022-02-28T13:11:58.909,RX,Valid,0xa0fd,0xc0,0xe4,0xa1,0x00,0x00,0xff,0x3c,0x02,0x0a,0x50,
2022-02-28T13:11:59.884,TX,Valid,0x8d5c,0xe4,0xff,0xa0,0x00,0xff,0x3c,
2022-02-28T13:11:59.901,RX,Valid,0xaa0c,0xc0,0xe4,0xa1,0x00,0x00,0xff,0x3c,0x02,0x0a,0x8c,
2022-02-28T13:12:00.884,TX,Valid,0x8d5c,0xe4,0xff,0xa0,0x00,0xff,0x3c,
2022-02-28T13:12:00.892,RX,Valid,0xaa0c,0xc0,0xe4,0xa1,0x00,0x00,0xff,0x3c,0x02,0x0a,0x8c,
2022-02-28T13:12:01.887,TX,Valid,0x8d5c,0xe4,0xff,0xa0,0x00,0xff,0x3c,
2022-02-28T13:12:01.900,RX,Valid,0xaa0c,0xc0,0xe4,0xa1,0x00,0x00,0xff,0x3c,0x02,0x0a,0x8c,
2022-02-28T13:12:02.892,TX,Valid,0x8d5c,0xe4,0xff,0xa0,0x00,0xff,0x3c,
2022-02-28T13:12:02.908,RX,Valid,0xa0fd,0xc0,0xe4,0xa1,0x00,0x00,0xff,0x3c,0x02,0x0a,0x50,
2022-02-28T13:12:03.884,TX,Valid,0x8d5c,0xe4,0xff,0xa0,0x00,0xff,0x3c,
2022-02-28T13:12:03.900,RX,Valid,0xaa0c,0xc0,0xe4,0xa1,0x00,0x00,0xff,0x3c,0x02,0x0a,0x8c,
2022-02-28T13:12:04.889,TX,Valid,0x8d5c,0xe4,0xff,0xa0,0x00,0xff,0x3c,
2022-02-28T13:12:05.888,TX,Valid,0x8d5c,0xe4,0xff,0xa0,0x00,0xff,0x3c,
2022-02-28T13:12:05.899,RX,Valid,0xaa0c,0xc0,0xe4,0xa1,0x00,0x00,0xff,0x3c,0x02,0x0a,0x8c,
2022-02-28T13:12:06.892,TX,Valid,0x8d5c,0xe4,0xff,0xa0,0x00,0xff,0x3c,
2022-02-28T13:12:06.908,RX,Valid,0xa0fd,0xc0,0xe4,0xa1,0x00,0x00,0xff,0x3c,0x02,0x0a,0x50,
2022-02-28T13:12:07.879,TX,Valid,0x8d5c,0xe4,0xff,0xa0,0x00,0xff,0x3c,
2022-02-28T13:12:07.883,RX,Valid,0xaa0c,0xc0,0xe4,0xa1,0x00,0x00,0xff,0x3c,0x02,0x0a,0x8c,
2022-02-28T13:12:08.893,TX,Valid,0x8d5c,0xe4,0xff,0xa0,0x00,0xff,0x3c,
2022-02-28T13:12:08.907,RX,Valid,0xaa0c,0xc0,0xe4,0xa1,0x00,0x00,0xff,0x3c,0x02,0x0a,0x8c,
2022-02-28T13:12:09.893,TX,Valid,0x8d5c,0xe4,0xff,0xa0,0x00,0xff,0x3c,
2022-02-28T13:12:09.900,RX,Valid,0xaa0c,0xc0,0xe4,0xa1,0x00,0x00,0xff,0x3c,0x02,0x0a,0x8c,
2022-02-28T13:12:10.895,TX,Valid,0x8d5c,0xe4,0xff,0xa0,0x00,0xff,0x3c,
2022-02-28T13:12:11.898,TX,Valid,0x8d5c,0xe4,0xff,0xa0,0x00,0xff,0x3c,
2022-02-28T13:12:11.915,RX,Valid,0xaa0c,0xc0,0xe4,0xa1,0x00,0x00,0xff,0x3c,0x02,0x0a,0x8c,
2022-02-28T13:12:12.894,TX,Valid,0x8d5c,0xe4,0xff,0xa0,0x00,0xff,0x3c,
2022-02-28T13:12:12.906,RX,Valid,0xaa0c,0xc0,0xe4,0xa1,0x00,0x00,0xff,0x3c,0x02,0x0a,0x8c,
2022-02-28T13:12:13.894,TX,Valid,0x8d5c,0xe4,0xff,0xa0,0x00,0xff,0x3c,
2022-02-28T13:12:13.899,RX,Valid,0xaa0c,0xc0,0xe4,0xa1,0x00,0x00,0xff,0x3c,0x02,0x0a,0x8c,
2022-02-28T13:12:14.895,TX,Valid,0x8d5c,0xe4,0xff,0xa0,0x00,0xff,0x3c,
2022-02-28T13:12:14.906,RX,Valid,0xa0fd,0xc0,0xe4,0xa1,0x00,0x00,0xff,0x3c,0x02,0x0a,0x50,
2022-02-28T13:12:15.885,TX,Valid,0x8d5c,0xe4,0xff,0xa0,0x00,0xff,0x3c,
2022-02-28T13:12:15.899,RX,Valid,0xaa0c,0xc0,0xe4,0xa1,0x00,0x00,0xff,0x3c,0x02,0x0a,0x8c,
2022-02-28T13:12:16.883,TX,Valid,0x8d5c,0xe4,0xff,0xa0,0x00,0xff,0x3c,
2022-02-28T13:12:16.891,RX,Valid,0xaa0c,0xc0,0xe4,0xa1,0x00,0x00,0xff,0x3c,0x02,0x0a,0x8c,
2022-02-28T13:12:17.879,TX,Valid,0x8d5c,0xe4,0xff,0xa0,0x00,0xff,0x3c,
2022-02-28T13:12:17.898,RX,Valid,0xaa0c,0xc0,0xe4,0xa1,0x00,0x00,0xff,0x3c,0x02,0x0a,0x8c,
2022-02-28T13:12:18.889,TX,Valid,0x8d5c,0xe4,0xff,0xa0,0x00,0xff,0x3c,
2022-02-28T13:12:18.907,RX,Valid,0xaa0c,0xc0,0xe4,0xa1,0x00,0x00,0xff,0x3c,0x02,0x0a,0x8c,
2022-02-28T13:12:19.890,TX,Valid,0x8d5c,0xe4,0xff,0xa0,0x00,0xff,0x3c,
2022-02-28T13:12:20.889,TX,Valid,0x8d5c,0xe4,0xff,0xa0,0x00,0xff,0x3c,
2022-02-28T13:12:20.905,RX,Valid,0xaa0c,0xc0,0xe4,0xa1,0x00,0x00,0xff,0x3c,0x02,0x0a,0x8c,
2022-02-28T13:12:21.891,TX,Valid,0x8d5c,0xe4,0xff,0xa0,0x00,0xff,0x3c,
2022-02-28T13:12:21.898,RX,Valid,0xaa0c,0xc0,0xe4,0xa1,0x00,0x00,0xff,0x3c,0x02,0x0a,0x8c,
2022-02-28T13:12:22.893,TX,Valid,0x8d5c,0xe4,0xff,0xa0,0x00,0xff,0x3c,
2022-02-28T13:12:22.907,RX,Valid,0xaa0c,0xc0,0xe4,0xa1,0x00,0x00,0xff,0x3c,0x02,0x0a,0x8c,
2022-02-28T13:12:23.881,TX,Valid,0x8d5c,0xe4,0xff,0xa0,0x00,0xff,0x3c,
2022-02-28T13:12:23.896,RX,Valid,0xa0fd,0xc0,0xe4,0xa1,0x00,0x00,0xff,0x3c,0x02,0x0a,0x50,
2022-02-28T13:12:24.892,TX,Valid,0x8d5c,0xe4,0xff,0xa0,0x00,0xff,0x3c,
2022-02-28T13:12:24.905,RX,Valid,0xaa0c,0xc0,0xe4,0xa1,0x00,0x00,0xff,0x3c,0x02,0x0a,0x8c,
2022-02-28T13:12:25.896,TX,Valid,0x8d5c,0xe4,0xff,0xa0,0x00,0xff,0x3c,
2022-02-28T13:12:25.897,RX,Valid,0xaa0c,0xc0,0xe4,0xa1,0x00,0x00,0xff,0x3c,0x02,0x0a,0x8c,
2022-02-28T13:12:26.886,TX,Valid,0x8d5c,0xe4,0xff,0xa0,0x00,0xff,0x3c,
2022-02-28T13:12:26.904,RX,Valid,0xaa0c,0xc0,0xe4,0xa1,0x00,0x00,0xff,0x3c,0x02,0x0a,0x8c,
2022-02-28T13:12:27.885,TX,Valid,0x8d5c,0xe4,0xff,0xa0,0x00,0xff,0x3c,
2022-02-28T13:12:27.896,RX,Valid,0xaa0c,0xc0,0xe4,0xa1,0x00,0x00,0xff,0x3c,0x02,0x0a,0x8c,
2022-02-28T13:12:28.885,TX,Valid,0x8d5c,0xe4,0xff,0xa0,0x00,0xff,0x3c,
2022-02-28T13:12:28.904,RX,Valid,0xa0fd,0xc0,0xe4,0xa1,0x00,0x00,0xff,0x3c,0x02,0x0a,0x50,
2022-02-28T13:12:29.884,TX,Valid,0x8d5c,0xe4,0xff,0xa0,0x00,0xff,0x3c,
2022-02-28T13:12:29.897,RX,Valid,0xaa0c,0xc0,0xe4,0xa1,0x00,0x00,0xff,0x3c,0x02,0x0a,0x8c,
2022-02-28T13:12:30.887,TX,Valid,0x8d5c,0xe4,0xff,0xa0,0x00,0xff,0x3c,
2022-02-28T13:12:30.889,RX,Valid,0xaa0c,0xc0,0xe4,0xa1,0x00,0x00,0xff,0x3c,0x02,0x0a,0x8c,
2022-02-28T13:12:31.893,TX,Valid,0x8d5c,0xe4,0xff,0xa0,0x00,0xff,0x3c,
2022-02-28T13:12:31.912,RX,Valid,0xaa0c,0xc0,0xe4,0xa1,0x00,0x00,0xff,0x3c,0x02,0x0a,0x8c,
2022-02-28T13:12:32.884,TX,Valid,0x8d5c,0xe4,0xff,0xa0,0x00,0xff,0x3c,
2022-02-28T13:12:32.889,RX,Valid,0xaa0c,0xc0,0xe4,0xa1,0x00,0x00,0xff,0x3c,0x02,0x0a,0x8c,
2022-02-28T13:12:33.882,TX,Valid,0x8d5c,0xe4,0xff,0xa0,0x00,0xff,0x3c,
2022-02-28T13:12:33.896,RX,Valid,0xaa0c,0xc0,0xe4,0xa1,0x00,0x00,0xff,0x3c,0x02,0x0a,0x8c,
2022-02-28T13:12:34.894,TX,Valid,0x8d5c,0xe4,0xff,0xa0,0x00,0xff,0x3c,
2022-02-28T13:12:34.903,RX,Valid,0xaa0c,0xc0,0xe4,0xa1,0x00,0x00,0xff,0x3c,0x02,0x0a,0x8c,
2022-02-28T13:12:35.879,TX,Valid,0x8d5c,0xe4,0xff,0xa0,0x00,0xff,0x3c,
2022-02-28T13:12:35.896,RX,Valid,0xa0fd,0xc0,0xe4,0xa1,0x00,0x00,0xff,0x3c,0x02,0x0a,0x50,
2022-02-28T13:12:36.887,TX,Valid,0x8d5c,0xe4,0xff,0xa0,0x00,0xff,0x3c,
2022-02-28T13:12:36.903,RX,Valid,0xaa0c,0xc0,0xe4,0xa1,0x00,0x00,0xff,0x3c,0x02,0x0a,0x8c,
2022-02-28T13:12:37.894,TX,Valid,0x8d5c,0xe4,0xff,0xa0,0x00,0xff,0x3c,
2022-02-28T13:12:37.896,RX,Valid,0xaa0c,0xc0,0xe4,0xa1,0x00,0x00,0xff,0x3c,0x02,0x0a,0x8c,
2022-02-28T13:12:38.885,TX,Valid,0x8d5c,0xe4,0xff,0xa0,0x00,0xff,0x3c,
2022-02-28T13:12:38.903,RX,Valid,0xaa0c,0xc0,0xe4,0xa1,0x00,0x00,0xff,0x3c,0x02,0x0a,0x8c,
2022-02-28T13:12:39.881,TX,Valid,0x8d5c,0xe4,0xff,0xa0,0x00,0xff,0x3c,
2022-02-28T13:12:40.890,TX,Valid,0x8d5c,0xe4,0xff,0xa0,0x00,0xff,0x3c,
2022-02-28T13:12:40.902,RX,Valid,0xaa0c,0xc0,0xe4,0xa1,0x00,0x00,0xff,0x3c,0x02,0x0a,0x8c,
2022-02-28T13:12:41.884,TX,Valid,0x8d5c,0xe4,0xff,0xa0,0x00,0xff,0x3c,
2022-02-28T13:12:41.895,RX,Valid,0xaa0c,0xc0,0xe4,0xa1,0x00,0x00,0xff,0x3c,0x02,0x0a,0x8c,
2022-02-28T13:12:42.888,TX,Valid,0x8d5c,0xe4,0xff,0xa0,0x00,0xff,0x3c,
2022-02-28T13:12:42.903,RX,Valid,0xaa0c,0xc0,0xe4,0xa1,0x00,0x00,0xff,0x3c,0x02,0x0a,0x8c,
2022-02-28T13:12:43.892,TX,Valid,0x8d5c,0xe4,0xff,0xa0,0x00,0xff,0x3c,
2022-02-28T13:12:43.910,RX,Valid,0xaa0c,0xc0,0xe4,0xa1,0x00,0x00,0xff,0x3c,0x02,0x0a,0x8c,
2022-02-28T13:12:44.893,TX,Valid,0x8d5c,0xe4,0xff,0xa0,0x00,0xff,0x3c,
2022-02-28T13:12:44.902,RX,Valid,0xaa0c,0xc0,0xe4,0xa1,0x00,0x00,0xff,0x3c,0x02,0x0a,0x8c,
2022-02-28T13:12:45.893,TX,Valid,0x8d5c,0xe4,0xff,0xa0,0x00,0xff,0x3c,
2022-02-28T13:12:45.910,RX,Valid,0xaa0c,0xc0,0xe4,0xa1,0x00,0x00,0xff,0x3c,0x02,0x0a,0x8c,
2022-02-28T13:12:46.886,TX,Valid,0x8d5c,0xe4,0xff,0xa0,0x00,0xff,0x3c,
2022-02-28T13:12:46.902,RX,Valid,0xaa0c,0xc0,0xe4,0xa1,0x00,0x00,0xff,0x3c,0x02,0x0a,0x8c,
2022-02-28T13:12:47.888,TX,Valid,0x8d5c,0xe4,0xff,0xa0,0x00,0xff,0x3c,
2022-02-28T13:12:47.911,RX,Valid,0xaa0c,0xc0,0xe4,0xa1,0x00,0x00,0xff,0x3c,0x02,0x0a,0x8c,
2022-02-28T13:12:48.902,TX,Valid,0x8d5c,0xe4,0xff,0xa0,0x00,0xff,0x3c,
2022-02-28T13:12:48.904,RX,Valid,0xaa0c,0xc0,0xe4,0xa1,0x00,0x00,0xff,0x3c,0x02,0x0a,0x8c,
2022-02-28T13:12:49.881,TX,Valid,0x8d5c,0xe4,0xff,0xa0,0x00,0xff,0x3c,
2022-02-28T13:12:49.894,RX,Valid,0xaa0c,0xc0,0xe4,0xa1,0x00,0x00,0xff,0x3c,0x02,0x0a,0x8c,
2022-02-28T13:12:50.887,TX,Valid,0x8d5c,0xe4,0xff,0xa0,0x00,0xff,0x3c,
2022-02-28T13:12:50.902,RX,Valid,0xa0fd,0xc0,0xe4,0xa1,0x00,0x00,0xff,0x3c,0x02,0x0a,0x50,
2022-02-28T13:12:51.880,TX,Valid,0x8d5c,0xe4,0xff,0xa0,0x00,0xff,0x3c,
2022-02-28T13:12:51.893,RX,Valid,0xaa0c,0xc0,0xe4,0xa1,0x00,0x00,0xff,0x3c,0x02,0x0a,0x8c,
2022-02-28T13:12:52.890,TX,Valid,0x8d5c,0xe4,0xff,0xa0,0x00,0xff,0x3c,
2022-02-28T13:12:52.902,RX,Valid,0xaa0c,0xc0,0xe4,0xa1,0x00,0x00,0xff,0x3c,0x02,0x0a,0x8c,
2022-02-28T13:12:53.878,TX,Valid,0x8d5c,0xe4,0xff,0xa0,0x00,0xff,0x3c,
2022-02-28T13:12:53.892,RX,Valid,0xaa0c,0xc0,0xe4,0xa1,0x00,0x00,0xff,0x3c,0x02,0x0a,0x8c,
2022-02-28T13:12:54.890,TX,Valid,0x8d5c,0xe4,0xff,0xa0,0x00,0xff,0x3c,
2022-02-28T13:12:54.901,RX,Valid,0xaa0c,0xc0,0xe4,0xa1,0x00,0x00,0xff,0x3c,0x02,0x0a,0x8c,
2022-02-28T13:12:55.891,TX,Valid,0x8d5c,0xe4,0xff,0xa0,0x00,0xff,0x3c,
2022-02-28T13:12:55.909,RX,Valid,0xaa0c,0xc0,0xe4,0xa1,0x00,0x00,0xff,0x3c,0x02,0x0a,0x8c,
2022-02-28T13:12:56.889,TX,Valid,0x8d5c,0xe4,0xff,0xa0,0x00,0xff,0x3c,
2022-02-28T13:12:56.900,RX,Valid,0xaa0c,0xc0,0xe4,0xa1,0x00,0x00,0xff,0x3c,0x02,0x0a,0x8c,
2022-02-28T13:12:57.892,TX,Valid,0x8d5c,0xe4,0xff,0xa0,0x00,0xff,0x3c,
2022-02-28T13:12:57.908,RX,Valid,0xa0fd,0xc0,0xe4,0xa1,0x00,0x00,0xff,0x3c,0x02,0x0a,0x50,
2022-02-28T13:12:58.878,TX,Valid,0x8d5c,0xe4,0xff,0xa0,0x00,0xff,0x3c,
2022-02-28T13:12:58.884,RX,Valid,0xaa0c,0xc0,0xe4,0xa1,0x00,0x00,0xff,0x3c,0x02,0x0a,0x8c,
2022-02-28T13:12:59.887,TX,Valid,0x8d5c,0xe4,0xff,0xa0,0x00,0xff,0x3c,
2022-02-28T13:12:59.892,RX,Valid,0xaa0c,0xc0,0xe4,0xa1,0x00,0x00,0xff,0x3c,0x02,0x0a,0x8c,
2022-02-28T13:13:00.885,TX,Valid,0x8d5c,0xe4,0xff,0xa0,0x00,0xff,0x3c,
2022-02-28T13:13:01.892,TX,Valid,0x8d5c,0xe4,0xff,0xa0,0x00,0xff,0x3c,
2022-02-28T13:13:02.882,TX,Valid,0x8d5c,0xe4,0xff,0xa0,0x00,0xff,0x3c,
2022-02-28T13:13:02.901,RX,Valid,0xaa0c,0xc0,0xe4,0xa1,0x00,0x00,0xff,0x3c,0x02,0x0a,0x8c,
2022-02-28T13:13:03.881,TX,Valid,0x8d5c,0xe4,0xff,0xa0,0x00,0xff,0x3c,
2022-02-28T13:13:03.892,RX,Valid,0xaa0c,0xc0,0xe4,0xa1,0x00,0x00,0xff,0x3c,0x02,0x0a,0x8c,
2022-02-28T13:13:04.883,TX,Valid,0x8d5c,0xe4,0xff,0xa0,0x00,0xff,0x3c,
2022-02-28T13:13:05.905,TX,Valid,0x8d5c,0xe4,0xff,0xa0,0x00,0xff,0x3c,
2022-02-28T13:13:05.907,RX,Valid,0xaa0c,0xc0,0xe4,0xa1,0x00,0x00,0xff,0x3c,0x02,0x0a,0x8c,
2022-02-28T13:13:06.882,TX,Valid,0x8d5c,0xe4,0xff,0xa0,0x00,0xff,0x3c,
2022-02-28T13:13:06.899,RX,Valid,0xaa0c,0xc0,0xe4,0xa1,0x00,0x00,0xff,0x3c,0x02,0x0a,0x8c,
2022-02-28T13:13:07.889,TX,Valid,0x8d5c,0xe4,0xff,0xa0,0x00,0xff,0x3c,
2022-02-28T13:13:07.907,RX,Valid,0xaa0c,0xc0,0xe4,0xa1,0x00,0x00,0xff,0x3c,0x02,0x0a,0x8c,
2022-02-28T13:13:08.890,TX,Valid,0x8d5c,0xe4,0xff,0xa0,0x00,0xff,0x3c,
2022-02-28T13:13:08.916,RX,Valid,0xa0fd,0xc0,0xe4,0xa1,0x00,0x00,0xff,0x3c,0x02,0x0a,0x50,
2022-02-28T13:13:09.891,TX,Valid,0x8d5c,0xe4,0xff,0xa0,0x00,0xff,0x3c,
2022-02-28T13:13:09.907,RX,Valid,0xaa0c,0xc0,0xe4,0xa1,0x00,0x00,0xff,0x3c,0x02,0x0a,0x8c,
2022-02-28T13:13:10.890,TX,Valid,0x8d5c,0xe4,0xff,0xa0,0x00,0xff,0x3c,
2022-02-28T13:13:10.898,RX,Valid,0xaa0c,0xc0,0xe4,0xa1,0x00,0x00,0xff,0x3c,0x02,0x0a,0x8c,
2022-02-28T13:13:11.880,TX,Valid,0x8d5c,0xe4,0xff,0xa0,0x00,0xff,0x3c,
2022-02-28T13:13:11.891,RX,Valid,0xaa0c,0xc0,0xe4,0xa1,0x00,0x00,0xff,0x3c,0x02,0x0a,0x8c,
2022-02-28T13:13:12.879,TX,Valid,0x8d5c,0xe4,0xff,0xa0,0x00,0xff,0x3c,
2022-02-28T13:13:12.898,RX,Valid,0xaa0c,0xc0,0xe4,0xa1,0x00,0x00,0xff,0x3c,0x02,0x0a,0x8c,
2022-02-28T13:13:13.889,TX,Valid,0x8d5c,0xe4,0xff,0xa0,0x00,0xff,0x3c,
2022-02-28T13:13:13.891,RX,Valid,0xa0fd,0xc0,0xe4,0xa1,0x00,0x00,0xff,0x3c,0x02,0x0a,0x50,
2022-02-28T13:13:14.887,TX,Valid,0x8d5c,0xe4,0xff,0xa0,0x00,0xff,0x3c,
2022-02-28T13:13:14.897,RX,Valid,0xaa0c,0xc0,0xe4,0xa1,0x00,0x00,0xff,0x3c,0x02,0x0a,0x8c,
2022-02-28T13:13:15.889,TX,Valid,0x8d5c,0xe4,0xff,0xa0,0x00,0xff,0x3c,
2022-02-28T13:13:15.906,RX,Valid,0xaa0c,0xc0,0xe4,0xa1,0x00,0x00,0xff,0x3c,0x02,0x0a,0x8c,
2022-02-28T13:13:16.889,TX,Valid,0x8d5c,0xe4,0xff,0xa0,0x00,0xff,0x3c,
2022-02-28T13:13:16.898,RX,Valid,0xaa0c,0xc0,0xe4,0xa1,0x00,0x00,0xff,0x3c,0x02,0x0a,0x8c,
2022-02-28T13:13:17.891,TX,Valid,0x8d5c,0xe4,0xff,0xa0,0x00,0xff,0x3c,
2022-02-28T13:13:17.905,RX,Valid,0xaa0c,0xc0,0xe4,0xa1,0x00,0x00,0xff,0x3c,0x02,0x0a,0x8c,
2022-02-28T13:13:18.883,TX,Valid,0x8d5c,0xe4,0xff,0xa0,0x00,0xff,0x3c,
2022-02-28T13:13:18.897,RX,Valid,0xa0fd,0xc0,0xe4,0xa1,0x00,0x00,0xff,0x3c,0x02,0x0a,0x50,
2022-02-28T13:13:19.889,TX,Valid,0x8d5c,0xe4,0xff,0xa0,0x00,0xff,0x3c,
2022-02-28T13:13:19.905,RX,Valid,0xaa0c,0xc0,0xe4,0xa1,0x00,0x00,0xff,0x3c,0x02,0x0a,0x8c,
2022-02-28T13:13:20.891,TX,Valid,0x8d5c,0xe4,0xff,0xa0,0x00,0xff,0x3c,
2022-02-28T13:13:20.913,RX,Valid,0xaa0c,0xc0,0xe4,0xa1,0x00,0x00,0xff,0x3c,0x02,0x0a,0x8c,
2022-02-28T13:13:21.887,TX,Valid,0x8d5c,0xe4,0xff,0xa0,0x00,0xff,0x3c,
2022-02-28T13:13:21.905,RX,Valid,0xaa0c,0xc0,0xe4,0xa1,0x00,0x00,0xff,0x3c,0x02,0x0a,0x8c,
2022-02-28T13:13:22.890,TX,Valid,0x8d5c,0xe4,0xff,0xa0,0x00,0xff,0x3c,
2022-02-28T13:13:22.914,RX,Valid,0xaa0c,0xc0,0xe4,0xa1,0x00,0x00,0xff,0x3c,0x02,0x0a,0x8c,
2022-02-28T13:13:23.892,TX,Valid,0x8d5c,0xe4,0xff,0xa0,0x00,0xff,0x3c,
2022-02-28T13:13:23.905,RX,Valid,0xaa0c,0xc0,0xe4,0xa1,0x00,0x00,0xff,0x3c,0x02,0x0a,0x8c,
2022-02-28T13:13:24.879,TX,Valid,0x8d5c,0xe4,0xff,0xa0,0x00,0xff,0x3c,
2022-02-28T13:13:24.896,RX,Valid,0xaa0c,0xc0,0xe4,0xa1,0x00,0x00,0xff,0x3c,0x02,0x0a,0x8c,
2022-02-28T13:13:25.888,TX,Valid,0x8d5c,0xe4,0xff,0xa0,0x00,0xff,0x3c,
2022-02-28T13:13:26.137,TX,Valid,0x8d5c,0xe4,0xff,0xa0,0x00,0xff,0x3c,
2022-02-28T13:13:26.144,RX,Valid,0xaa0c,0xc0,0xe4,0xa1,0x00,0x00,0xff,0x3c,0x02,0x0a,0x8c,
2022-02-28T13:13:26.153,TX,Valid,0x8d5c,0xe4,0xff,0xa0,0x00,0xff,0x3c,
2022-02-28T13:13:26.160,RX,Valid,0xaa0c,0xc0,0xe4,0xa1,0x00,0x00,0xff,0x3c,0x02,0x0a,0x8c,
2022-02-28T13:13:27.888,TX,Valid,0x8d5c,0xe4,0xff,0xa0,0x00,0xff,0x3c,
2022-02-28T13:13:28.885,TX,Valid,0x8d5c,0xe4,0xff,0xa0,0x00,0xff,0x3c,
2022-02-28T13:13:28.889,RX,Valid,0xaa0c,0xc0,0xe4,0xa1,0x00,0x00,0xff,0x3c,0x02,0x0a,0x8c,
2022-02-28T13:13:29.894,TX,Valid,0x8d5c,0xe4,0xff,0xa0,0x00,0xff,0x3c,
2022-02-28T13:13:29.899,RX,Valid,0xaa0c,0xc0,0xe4,0xa1,0x00,0x00,0xff,0x3c,0x02,0x0a,0x8c,
2022-02-28T13:13:30.886,TX,Valid,0x8d5c,0xe4,0xff,0xa0,0x00,0xff,0x3c,
2022-02-28T13:13:31.888,TX,Valid,0x8d5c,0xe4,0xff,0xa0,0x00,0xff,0x3c,
2022-02-28T13:13:31.897,RX,Valid,0xaa0c,0xc0,0xe4,0xa1,0x00,0x00,0xff,0x3c,0x02,0x0a,0x8c,
2022-02-28T13:13:32.882,TX,Valid,0x8d5c,0xe4,0xff,0xa0,0x00,0xff,0x3c,
2022-02-28T13:13:32.889,RX,Valid,0xaa0c,0xc0,0xe4,0xa1,0x00,0x00,0xff,0x3c,0x02,0x0a,0x8c,
2022-02-28T13:13:33.884,TX,Valid,0x8d5c,0xe4,0xff,0xa0,0x00,0xff,0x3c,
2022-02-28T13:13:33.898,RX,Valid,0xaa0c,0xc0,0xe4,0xa1,0x00,0x00,0xff,0x3c,0x02,0x0a,0x8c,
2022-02-28T13:13:34.888,TX,Valid,0x8d5c,0xe4,0xff,0xa0,0x00,0xff,0x3c,
2022-02-28T13:13:34.905,RX,Valid,0xaa0c,0xc0,0xe4,0xa1,0x00,0x00,0xff,0x3c,0x02,0x0a,0x8c,
2022-02-28T13:13:35.889,TX,Valid,0x8d5c,0xe4,0xff,0xa0,0x00,0xff,0x3c,
2022-02-28T13:13:35.915,RX,Valid,0xaa0c,0xc0,0xe4,0xa1,0x00,0x00,0xff,0x3c,0x02,0x0a,0x8c,
2022-02-28T13:13:36.881,TX,Valid,0x8d5c,0xe4,0xff,0xa0,0x00,0xff,0x3c,
2022-02-28T13:13:36.889,RX,Valid,0xaa0c,0xc0,0xe4,0xa1,0x00,0x00,0xff,0x3c,0x02,0x0a,0x8c,
2022-02-28T13:13:37.889,TX,Valid,0x8d5c,0xe4,0xff,0xa0,0x00,0xff,0x3c,
2022-02-28T13:13:37.896,RX,Valid,0xaa0c,0xc0,0xe4,0xa1,0x00,0x00,0xff,0x3c,0x02,0x0a,0x8c,
2022-02-28T13:13:38.880,TX,Valid,0x8d5c,0xe4,0xff,0xa0,0x00,0xff,0x3c,
2022-02-28T13:13:38.888,RX,Valid,0xaa0c,0xc0,0xe4,0xa1,0x00,0x00,0xff,0x3c,0x02,0x0a,0x8c,
2022-02-28T13:13:39.896,TX,Valid,0x8d5c,0xe4,0xff,0xa0,0x00,0xff,0x3c,
2022-02-28T13:13:39.898,RX,Valid,0xaa0c,0xc0,0xe4,0xa1,0x00,0x00,0xff,0x3c,0x02,0x0a,0x8c,
2022-02-28T13:13:40.888,TX,Valid,0x8d5c,0xe4,0xff,0xa0,0x00,0xff,0x3c,
2022-02-28T13:13:40.890,RX,Valid,0xa0fd,0xc0,0xe4,0xa1,0x00,0x00,0xff,0x3c,0x02,0x0a,0x50,
2022-02-28T13:13:41.881,TX,Valid,0x8d5c,0xe4,0xff,0xa0,0x00,0xff,0x3c,
2022-02-28T13:13:41.896,RX,Valid,0xaa0c,0xc0,0xe4,0xa1,0x00,0x00,0xff,0x3c,0x02,0x0a,0x8c,
2022-02-28T13:13:42.884,TX,Valid,0x8d5c,0xe4,0xff,0xa0,0x00,0xff,0x3c,
2022-02-28T13:13:42.888,RX,Valid,0xaa0c,0xc0,0xe4,0xa1,0x00,0x00,0xff,0x3c,0x02,0x0a,0x8c,
2022-02-28T13:13:43.880,TX,Valid,0x8d5c,0xe4,0xff,0xa0,0x00,0xff,0x3c,
2022-02-28T13:13:43.896,RX,Valid,0xaa0c,0xc0,0xe4,0xa1,0x00,0x00,0xff,0x3c,0x02,0x0a,0x8c,
2022-02-28T13:13:44.896,TX,Valid,0x8d5c,0xe4,0xff,0xa0,0x00,0xff,0x3c,
2022-02-28T13:13:44.904,RX,Valid,0xaa0c,0xc0,0xe4,0xa1,0x00,0x00,0xff,0x3c,0x02,0x0a,0x8c,
2022-02-28T13:13:45.895,TX,Valid,0x8d5c,0xe4,0xff,0xa0,0x00,0xff,0x3c,
2022-02-28T13:13:45.897,RX,Valid,0xaa0c,0xc0,0xe4,0xa1,0x00,0x00,0xff,0x3c,0x02,0x0a,0x8c,
2022-02-28T13:13:46.891,TX,Valid,0x8d5c,0xe4,0xff,0xa0,0x00,0xff,0x3c,
2022-02-28T13:13:46.904,RX,Valid,0xaa0c,0xc0,0xe4,0xa1,0x00,0x00,0xff,0x3c,0x02,0x0a,0x8c,
2022-02-28T13:13:47.883,TX,Valid,0x8d5c,0xe4,0xff,0xa0,0x00,0xff,0x3c,
2022-02-28T13:13:47.895,RX,Valid,0xaa0c,0xc0,0xe4,0xa1,0x00,0x00,0xff,0x3c,0x02,0x0a,0x8c,
2022-02-28T13:13:48.879,TX,Valid,0x8d5c,0xe4,0xff,0xa0,0x00,0xff,0x3c,
2022-02-28T13:13:48.887,RX,Valid,0xaa0c,0xc0,0xe4,0xa1,0x00,0x00,0xff,0x3c,0x02,0x0a,0x8c,
2022-02-28T13:13:49.890,TX,Valid,0x8d5c,0xe4,0xff,0xa0,0x00,0xff,0x3c,
2022-02-28T13:13:49.895,RX,Valid,0xaa0c,0xc0,0xe4,0xa1,0x00,0x00,0xff,0x3c,0x02,0x0a,0x8c,
2022-02-28T13:13:50.890,TX,Valid,0x8d5c,0xe4,0xff,0xa0,0x00,0xff,0x3c,
2022-02-28T13:13:50.903,RX,Valid,0xaa0c,0xc0,0xe4,0xa1,0x00,0x00,0xff,0x3c,0x02,0x0a,0x8c,
2022-02-28T13:13:51.882,TX,Valid,0x8d5c,0xe4,0xff,0xa0,0x00,0xff,0x3c,
2022-02-28T13:13:51.895,RX,Valid,0xa0fd,0xc0,0xe4,0xa1,0x00,0x00,0xff,0x3c,0x02,0x0a,0x50,
2022-02-28T13:13:52.912,TX,Valid,0x8d5c,0xe4,0xff,0xa0,0x00,0xff,0x3c,
2022-02-28T13:13:52.919,RX,Valid,0xaa0c,0xc0,0xe4,0xa1,0x00,0x00,0xff,0x3c,0x02,0x0a,0x8c,
2022-02-28T13:13:53.885,TX,Valid,0x8d5c,0xe4,0xff,0xa0,0x00,0xff,0x3c,
2022-02-28T13:13:53.895,RX,Valid,0xaa0c,0xc0,0xe4,0xa1,0x00,0x00,0xff,0x3c,0x02,0x0a,0x8c,
2022-02-28T13:13:54.900,TX,Valid,0x8d5c,0xe4,0xff,0xa0,0x00,0xff,0x3c,
2022-02-28T13:13:54.902,RX,Valid,0xaa0c,0xc0,0xe4,0xa1,0x00,0x00,0xff,0x3c,0x02,0x0a,0x8c,
2022-02-28T13:13:55.894,TX,Valid,0x8d5c,0xe4,0xff,0xa0,0x00,0xff,0x3c,
2022-02-28T13:13:55.895,RX,Valid,0xaa0c,0xc0,0xe4,0xa1,0x00,0x00,0xff,0x3c,0x02,0x0a,0x8c,
2022-02-28T13:13:56.886,TX,Valid,0x8d5c,0xe4,0xff,0xa0,0x00,0xff,0x3c,
2022-02-28T13:13:57.890,TX,Valid,0x8d5c,0xe4,0xff,0xa0,0x00,0xff,0x3c,
2022-02-28T13:13:57.894,RX,Valid,0xaa0c,0xc0,0xe4,0xa1,0x00,0x00,0xff,0x3c,0x02,0x0a,0x8c,
2022-02-28T13:13:58.890,TX,Valid,0x8d5c,0xe4,0xff,0xa0,0x00,0xff,0x3c,
2022-02-28T13:13:58.902,RX,Valid,0xaa0c,0xc0,0xe4,0xa1,0x00,0x00,0xff,0x3c,0x02,0x0a,0x8c,
2022-02-28T13:13:59.893,TX,Valid,0x8d5c,0xe4,0xff,0xa0,0x00,0xff,0x3c,
2022-02-28T13:13:59.910,RX,Valid,0xaa0c,0xc0,0xe4,0xa1,0x00,0x00,0xff,0x3c,0x02,0x0a,0x8c,
2022-02-28T13:14:00.880,TX,Valid,0x8d5c,0xe4,0xff,0xa0,0x00,0xff,0x3c,
2022-02-28T13:14:00.885,RX,Valid,0xaa0c,0xc0,0xe4,0xa1,0x00,0x00,0xff,0x3c,0x02,0x0a,0x8c,
2022-02-28T13:14:01.889,TX,Valid,0x8d5c,0xe4,0xff,0xa0,0x00,0xff,0x3c,
2022-02-28T13:14:01.894,RX,Valid,0xaa0c,0xc0,0xe4,0xa1,0x00,0x00,0xff,0x3c,0x02,0x0a,0x8c,
2022-02-28T13:14:02.885,TX,Valid,0x8d5c,0xe4,0xff,0xa0,0x00,0xff,0x3c,
2022-02-28T13:14:02.886,RX,Valid,0xa0fd,0xc0,0xe4,0xa1,0x00,0x00,0xff,0x3c,0x02,0x0a,0x50,
2022-02-28T13:14:03.893,TX,Valid,0x8d5c,0xe4,0xff,0xa0,0x00,0xff,0x3c,
2022-02-28T13:14:03.910,RX,Valid,0xaa0c,0xc0,0xe4,0xa1,0x00,0x00,0xff,0x3c,0x02,0x0a,0x8c,
2022-02-28T13:14:04.883,TX,Valid,0x8d5c,0xe4,0xff,0xa0,0x00,0xff,0x3c,
2022-02-28T13:14:04.903,RX,Valid,0xaa0c,0xc0,0xe4,0xa1,0x00,0x00,0xff,0x3c,0x02,0x0a,0x8c,
2022-02-28T13:14:05.882,TX,Valid,0x8d5c,0xe4,0xff,0xa0,0x00,0xff,0x3c,
2022-02-28T13:14:05.894,RX,Valid,0xaa0c,0xc0,0xe4,0xa1,0x00,0x00,0xff,0x3c,0x02,0x0a,0x8c,
2022-02-28T13:14:06.881,TX,Valid,0x8d5c,0xe4,0xff,0xa0,0x00,0xff,0x3c,
2022-02-28T13:14:06.885,RX,Valid,0xaa0c,0xc0,0xe4,0xa1,0x00,0x00,0xff,0x3c,0x02,0x0a,0x8c,
2022-02-28T13:14:07.891,TX,Valid,0x8d5c,0xe4,0xff,0xa0,0x00,0xff,0x3c,
2022-02-28T13:14:07.909,RX,Valid,0xaa0c,0xc0,0xe4,0xa1,0x00,0x00,0xff,0x3c,0x02,0x0a,0x8c,
2022-02-28T13:14:08.884,TX,Valid,0x8d5c,0xe4,0xff,0xa0,0x00,0xff,0x3c,
2022-02-28T13:14:08.900,RX,Valid,0xaa0c,0xc0,0xe4,0xa1,0x00,0x00,0xff,0x3c,0x02,0x0a,0x8c,
2022-02-28T13:14:09.892,TX,Valid,0x8d5c,0xe4,0xff,0xa0,0x00,0xff,0x3c,
2022-02-28T13:14:09.894,RX,Valid,0xaa0c,0xc0,0xe4,0xa1,0x00,0x00,0xff,0x3c,0x02,0x0a,0x8c,
2022-02-28T13:14:10.884,TX,Valid,0x8d5c,0xe4,0xff,0xa0,0x00,0xff,0x3c,
2022-02-28T13:14:11.883,TX,Valid,0x8d5c,0xe4,0xff,0xa0,0x00,0xff,0x3c,
2022-02-28T13:14:12.885,TX,Valid,0x8d5c,0xe4,0xff,0xa0,0x00,0xff,0x3c,
2022-02-28T13:14:12.901,RX,Valid,0xaa0c,0xc0,0xe4,0xa1,0x00,0x00,0xff,0x3c,0x02,0x0a,0x8c,
2022-02-28T13:14:13.879,TX,Valid,0x8d5c,0xe4,0xff,0xa0,0x00,0xff,0x3c,
2022-02-28T13:14:13.893,RX,Valid,0xaa0c,0xc0,0xe4,0xa1,0x00,0x00,0xff,0x3c,0x02,0x0a,0x8c,
2022-02-28T13:14:14.884,TX,Valid,0x8d5c,0xe4,0xff,0xa0,0x00,0xff,0x3c,
2022-02-28T13:14:14.900,RX,Valid,0xaa0c,0xc0,0xe4,0xa1,0x00,0x00,0xff,0x3c,0x02,0x0a,0x8c,
2022-02-28T13:14:15.883,TX,Valid,0x8d5c,0xe4,0xff,0xa0,0x00,0xff,0x3c,
2022-02-28T13:14:16.889,TX,Valid,0x8d5c,0xe4,0xff,0xa0,0x00,0xff,0x3c,
2022-02-28T13:14:16.899,RX,Valid,0xaa0c,0xc0,0xe4,0xa1,0x00,0x00,0xff,0x3c,0x02,0x0a,0x8c,
2022-02-28T13:14:17.893,TX,Valid,0x8d5c,0xe4,0xff,0xa0,0x00,0xff,0x3c,
2022-02-28T13:14:18.878,TX,Valid,0x8d5c,0xe4,0xff,0xa0,0x00,0xff,0x3c,
2022-02-28T13:14:18.883,RX,Valid,0xaa0c,0xc0,0xe4,0xa1,0x00,0x00,0xff,0x3c,0x02,0x0a,0x8c,
2022-02-28T13:14:19.886,TX,Valid,0x8d5c,0xe4,0xff,0xa0,0x00,0xff,0x3c,
2022-02-28T13:14:19.892,RX,Valid,0xaa0c,0xc0,0xe4,0xa1,0x00,0x00,0xff,0x3c,0x02,0x0a,0x8c,
2022-02-28T13:14:20.892,TX,Valid,0x8d5c,0xe4,0xff,0xa0,0x00,0xff,0x3c,
2022-02-28T13:14:20.899,RX,Valid,0xaa0c,0xc0,0xe4,0xa1,0x00,0x00,0xff,0x3c,0x02,0x0a,0x8c,
2022-02-28T13:14:21.879,TX,Valid,0x8d5c,0xe4,0xff,0xa0,0x00,0xff,0x3c,
2022-02-28T13:14:22.898,TX,Valid,0x8d5c,0xe4,0xff,0xa0,0x00,0xff,0x3c,
2022-02-28T13:14:22.900,RX,Valid,0xaa0c,0xc0,0xe4,0xa1,0x00,0x00,0xff,0x3c,0x02,0x0a,0x8c,
2022-02-28T13:14:23.891,TX,Valid,0x8d5c,0xe4,0xff,0xa0,0x00,0xff,0x3c,
2022-02-28T13:14:23.907,RX,Valid,0xa0fd,0xc0,0xe4,0xa1,0x00,0x00,0xff,0x3c,0x02,0x0a,0x50,
2022-02-28T13:14:24.892,TX,Valid,0x8d5c,0xe4,0xff,0xa0,0x00,0xff,0x3c,
2022-02-28T13:14:24.916,RX,Valid,0xaa0c,0xc0,0xe4,0xa1,0x00,0x00,0xff,0x3c,0x02,0x0a,0x8c,
2022-02-28T13:14:25.885,TX,Valid,0x8d5c,0xe4,0xff,0xa0,0x00,0xff,0x3c,
2022-02-28T13:14:25.890,RX,Valid,0xaa0c,0xc0,0xe4,0xa1,0x00,0x00,0xff,0x3c,0x02,0x0a,0x8c,
2022-02-28T13:14:26.881,TX,Valid,0x8d5c,0xe4,0xff,0xa0,0x00,0xff,0x3c,
2022-02-28T13:14:26.899,RX,Valid,0xaa0c,0xc0,0xe4,0xa1,0x00,0x00,0xff,0x3c,0x02,0x0a,0x8c,
2022-02-28T13:14:27.884,TX,Valid,0x8d5c,0xe4,0xff,0xa0,0x00,0xff,0x3c,
2022-02-28T13:14:27.891,RX,Valid,0xaa0c,0xc0,0xe4,0xa1,0x00,0x00,0xff,0x3c,0x02,0x0a,0x8c,
2022-02-28T13:14:28.890,TX,Valid,0x8d5c,0xe4,0xff,0xa0,0x00,0xff,0x3c,
2022-02-28T13:14:28.898,RX,Valid,0xaa0c,0xc0,0xe4,0xa1,0x00,0x00,0xff,0x3c,0x02,0x0a,0x8c,
2022-02-28T13:14:29.893,TX,Valid,0x8d5c,0xe4,0xff,0xa0,0x00,0xff,0x3c,
2022-02-28T13:14:30.894,TX,Valid,0x8d5c,0xe4,0xff,0xa0,0x00,0xff,0x3c,
2022-02-28T13:14:30.914,RX,Valid,0xaa0c,0xc0,0xe4,0xa1,0x00,0x00,0xff,0x3c,0x02,0x0a,0x8c,
2022-02-28T13:14:31.891,TX,Valid,0x8d5c,0xe4,0xff,0xa0,0x00,0xff,0x3c,
2022-02-28T13:14:31.907,RX,Valid,0xaa0c,0xc0,0xe4,0xa1,0x00,0x00,0xff,0x3c,0x02,0x0a,0x8c,
2022-02-28T13:14:32.888,TX,Valid,0x8d5c,0xe4,0xff,0xa0,0x00,0xff,0x3c,
2022-02-28T13:14:32.898,RX,Valid,0xaa0c,0xc0,0xe4,0xa1,0x00,0x00,0xff,0x3c,0x02,0x0a,0x8c,
2022-02-28T13:14:33.888,TX,Valid,0x8d5c,0xe4,0xff,0xa0,0x00,0xff,0x3c,
2022-02-28T13:14:33.907,RX,Valid,0xaa0c,0xc0,0xe4,0xa1,0x00,0x00,0xff,0x3c,0x02,0x0a,0x8c,
2022-02-28T13:14:34.893,TX,Valid,0x8d5c,0xe4,0xff,0xa0,0x00,0xff,0x3c,
2022-02-28T13:14:34.897,RX,Valid,0xaa0c,0xc0,0xe4,0xa1,0x00,0x00,0xff,0x3c,0x02,0x0a,0x8c,
2022-02-28T13:14:35.877,TX,Valid,0x8d5c,0xe4,0xff,0xa0,0x00,0xff,0x3c,
2022-02-28T13:14:35.889,RX,Valid,0xaa0c,0xc0,0xe4,0xa1,0x00,0x00,0xff,0x3c,0x02,0x0a,0x8c,
2022-02-28T13:14:36.462,TX,Valid,0x8d5c,0xe4,0xff,0xa0,0x00,0xff,0x3c,
2022-02-28T13:14:36.481,RX,Valid,0xaa0c,0xc0,0xe4,0xa1,0x00,0x00,0xff,0x3c,0x02,0x0a,0x8c,
2022-02-28T13:14:37.117,TX,Valid,0x8d5c,0xe4,0xff,0xa0,0x00,0xff,0x3c,
2022-02-28T13:14:37.122,RX,Valid,0xaa0c,0xc0,0xe4,0xa1,0x00,0x00,0xff,0x3c,0x02,0x0a,0x8c,
2022-02-28T13:14:38.124,TX,Valid,0x8d5c,0xe4,0xff,0xa0,0x00,0xff,0x3c,
2022-02-28T13:14:38.130,RX,Valid,0xaa0c,0xc0,0xe4,0xa1,0x00,0x00,0xff,0x3c,0x02,0x0a,0x8c,
2022-02-28T13:14:39.111,TX,Valid,0x8d5c,0xe4,0xff,0xa0,0x00,0xff,0x3c,
2022-02-28T13:14:39.120,RX,Valid,0xa0fd,0xc0,0xe4,0xa1,0x00,0x00,0xff,0x3c,0x02,0x0a,0x50,
2022-02-28T13:14:40.112,TX,Valid,0x8d5c,0xe4,0xff,0xa0,0x00,0xff,0x3c,
2022-02-28T13:14:40.128,RX,Valid,0xaa0c,0xc0,0xe4,0xa1,0x00,0x00,0xff,0x3c,0x02,0x0a,0x8c,
2022-02-28T13:14:41.127,TX,Valid,0x8d5c,0xe4,0xff,0xa0,0x00,0xff,0x3c,
2022-02-28T13:14:41.138,RX,Valid,0xaa0c,0xc0,0xe4,0xa1,0x00,0x00,0xff,0x3c,0x02,0x0a,0x8c,
2022-02-28T13:14:42.112,TX,Valid,0x8d5c,0xe4,0xff,0xa0,0x00,0xff,0x3c,
2022-02-28T13:14:42.129,RX,Valid,0xaa0c,0xc0,0xe4,0xa1,0x00,0x00,0xff,0x3c,0x02,0x0a,0x8c,
2022-02-28T13:14:43.114,TX,Valid,0x8d5c,0xe4,0xff,0xa0,0x00,0xff,0x3c,
2022-02-28T13:14:43.137,RX,Valid,0xaa0c,0xc0,0xe4,0xa1,0x00,0x00,0xff,0x3c,0x02,0x0a,0x8c,
2022-02-28T13:14:44.113,TX,Valid,0x8d5c,0xe4,0xff,0xa0,0x00,0xff,0x3c,
2022-02-28T13:14:44.128,RX,Valid,0xaa0c,0xc0,0xe4,0xa1,0x00,0x00,0xff,0x3c,0x02,0x0a,0x8c,
2022-02-28T13:14:45.119,TX,Valid,0x8d5c,0xe4,0xff,0xa0,0x00,0xff,0x3c,
2022-02-28T13:14:45.136,RX,Valid,0xaa0c,0xc0,0xe4,0xa1,0x00,0x00,0xff,0x3c,0x02,0x0a,0x8c,
2022-02-28T13:14:46.122,TX,Valid,0x8d5c,0xe4,0xff,0xa0,0x00,0xff,0x3c,
2022-02-28T13:14:46.127,RX,Valid,0xaa0c,0xc0,0xe4,0xa1,0x00,0x00,0xff,0x3c,0x02,0x0a,0x8c,
2022-02-28T13:14:47.118,TX,Valid,0x8d5c,0xe4,0xff,0xa0,0x00,0xff,0x3c,
2022-02-28T13:14:47.136,RX,Valid,0xaa0c,0xc0,0xe4,0xa1,0x00,0x00,0xff,0x3c,0x02,0x0a,0x8c,
2022-02-28T13:14:48.116,TX,Valid,0x8d5c,0xe4,0xff,0xa0,0x00,0xff,0x3c,
2022-02-28T13:14:49.116,TX,Valid,0x8d5c,0xe4,0xff,0xa0,0x00,0xff,0x3c,
2022-02-28T13:14:50.120,TX,Valid,0x8d5c,0xe4,0xff,0xa0,0x00,0xff,0x3c,
2022-02-28T13:14:50.128,RX,Valid,0xaa0c,0xc0,0xe4,0xa1,0x00,0x00,0xff,0x3c,0x02,0x0a,0x8c,
2022-02-28T13:14:51.127,TX,Valid,0x8d5c,0xe4,0xff,0xa0,0x00,0xff,0x3c,
2022-02-28T13:14:51.136,RX,Valid,0xaa0c,0xc0,0xe4,0xa1,0x00,0x00,0xff,0x3c,0x02,0x0a,0x8c,
2022-02-28T13:14:52.126,TX,Valid,0x8d5c,0xe4,0xff,0xa0,0x00,0xff,0x3c,
2022-02-28T13:14:52.128,RX,Valid,0xaa0c,0xc0,0xe4,0xa1,0x00,0x00,0xff,0x3c,0x02,0x0a,0x8c,
2022-02-28T13:14:53.125,TX,Valid,0x8d5c,0xe4,0xff,0xa0,0x00,0xff,0x3c,
2022-02-28T13:14:53.135,RX,Valid,0xaa0c,0xc0,0xe4,0xa1,0x00,0x00,0xff,0x3c,0x02,0x0a,0x8c,
